name,lat,lon,vars,star,end,accum_TCP_50Y,accum_TCP_1TC,TCP_p70,TCP_p80,TCP_p90,TCP_p95,TCP_p100,TCP_p99,num_record
USC00010160,32.9453,-85.9481,PRCP,1969,2020,3902.839028016505,4.564724009376029,38.62474234849557,48.09274265926495,58.25,71.38,127.5,114.45800000000018,114
USC00010583,30.8839,-87.7853,PRCP,1913,2020,7439.291446954247,8.700925668952335,37.222875150920814,52.3,93.1,137.575,395.7,267.4,176
USC00012245,32.5192,-87.88,PRCP,1951,2020,3598.6365459888716,4.208931632735522,37.86257283326557,47.54000000000001,74.78000000000006,91.875,129.5,119.26299999999993,102
USC00012730,32.0111,-85.09,PRCP,1967,2020,3877.585491332681,4.535187709161031,36.57268114642758,43.823917288996014,62.5,84.19999999999999,137.4,106.49000000000001,111
USC00012813,30.5467,-87.8808,PRCP,1917,2020,8333.154250156627,9.746379239949272,41.99635065181126,60.300000000000054,105.25999999999999,143.55999999999977,368.8,246.3199999999997,185
USC00013160,32.8347,-88.1342,PRCP,1948,2020,3845.9857444601816,4.498228940889101,38.6,49.5,83.8,111.5,169.7,145.5,101
USC00013511,32.6922,-87.5761,PRCP,1890,2020,2991.7506212959624,3.499123533679488,34.03759482251507,41.22,53.240000000000045,89.72999999999999,101.3,101.112,95
USC00013519,31.79,-86.6086,PRCP,1900,2020,4198.548286202818,4.91058279088049,34.33974661639046,39.175654038352334,71.14,93.49999999999991,390.1,219.14800000000008,109
USC00013761,31.3625,-85.3397,PRCP,1950,2020,4811.833318222571,5.6278752259913105,36.779999999999994,41.82,52.1,92.45500000000007,230.6,151.045,138
USC00015121,32.4714,-87.2314,PRCP,1950,2020,3892.1855177180487,4.552263763412922,33.5,41.98432246975493,65.02488139240772,85.1,111.0,110.5,121
USC00016988,30.5653,-87.7017,PRCP,1912,2020,7441.686828842632,8.703727285196061,44.239999999999995,74.60000000000001,124.61999999999999,157.04499999999996,381.0,219.5659999999997,150
USC00017366,32.4111,-87.0144,PRCP,1895,2020,3853.801481323995,4.507370153595316,36.39976157335167,50.32000000000001,72.27000000000002,96.54999999999998,156.2,153.29899999999995,104
USC00018209,32.9206,-86.6708,PRCP,1957,2020,3422.653705441118,4.003103749053939,36.26666945614537,51.324020200099866,67.65,88.38,114.3,113.835,94
USC00018323,31.8075,-85.9722,PRCP,1908,2020,4399.54670557776,5.145668661494456,38.60689044626742,48.44047232919317,75.45,102.33999999999997,238.8,159.82200000000017,114
USC00018637,31.21,-87.1789,PRCP,1941,2020,5155.326447201301,6.029621575674036,37.59767468998383,52.240000000000016,101.56,162.94999999999993,228.6,199.31199999999984,119
USC00018673,32.7747,-87.8306,PRCP,1958,2020,3526.2738533278466,4.1242969044770135,35.8699213441727,45.18000000000001,72.80694880859235,96.19999999999999,156.0,129.35,104
USC00060299,41.9211,-72.9636,PRCP,1932,2020,3258.5734750430993,3.8111970468340344,44.6718154563211,55.41747480424725,68.35,83.27499999999999,153.7,133.675,76
USC00060973,41.7944,-72.9319,PRCP,1932,2020,3497.931080644021,4.091147462741545,49.55477396840595,57.47189429833793,74.64989286754461,95.91999999999996,197.4,191.33200000000002,75
USC00065445,41.9725,-73.2208,PRCP,1884,2020,3093.253631707855,3.617840504921468,47.68456076677903,57.12184906894291,83.8,101.475,147.3,145.48,66
USC00065910,41.5269,-72.0642,PRCP,1956,2020,3022.3834768890174,3.534951434957915,41.962698798514694,49.5,68.85117032167088,97.85,132.3,119.39999999999999,76
USC00068138,41.795,-72.2286,PRCP,1888,2020,3263.8691519798504,3.817390821029065,43.25092968747613,46.95188305605922,65.19707075303057,89.23999999999997,139.2,116.81399999999996,79
USC00072730,39.1467,-75.5056,PRCP,1893,2020,3173.7945540190285,3.712040414057343,39.35026040147452,45.77940372622942,65.86540232300197,73.945,134.6,116.92999999999986,94
USC00080228,27.2178,-81.8742,PRCP,1899,2020,6049.637106632621,7.075598955125873,31.92781195920273,36.0929382628755,49.686614581022106,66.94999999999999,181.1,133.95599999999993,215
USC00080236,27.1819,-81.3508,PRCP,1969,2020,6753.356295500847,7.89866233391912,31.364740084812226,33.66111168463825,46.58526005173435,73.61,154.2,134.4719999999997,247
USC00080369,27.5947,-81.5267,PRCP,1892,2020,4989.003536788912,5.835091855893465,31.487142519465486,34.66200313753557,44.02,57.199999999999974,175.3,93.10799999999992,197
USC00080478,27.8861,-81.8325,PRCP,1892,2020,6167.06962112917,7.212946925297275,31.51614491690445,35.62773957848457,52.715769239145516,68.56999999999998,210.3,115.474,223
USC00081276,26.8639,-80.6256,PRCP,1941,2020,5698.706758313556,6.665154103290709,32.9663501853819,39.018247508882716,55.120000000000005,88.35999999999996,212.9,145.88800000000072,177
USC00081544,30.7806,-85.5503,PRCP,1939,2020,5647.500298820529,6.605263507392431,35.71106416582937,40.61551081821803,62.6,109.65,205.7,172.62499999999997,156
USC00081641,28.4558,-81.7233,PRCP,1948,2020,5933.505928175628,6.939773015410091,31.76681714005271,36.898094251189136,52.900000000000006,76.8,175.3,126.3119999999999,209
USC00082008,29.6333,-83.1053,PRCP,1948,2020,6944.621874267647,8.122364765225319,33.24299249972777,40.120000000000026,70.9,95.71999999999997,189.0,157.32799999999997,213
USC00082229,29.0097,-81.2981,PRCP,1895,2020,6978.62743022754,8.162137345295369,31.91841111516431,37.6,58.03364984403207,76.2,177.8,141.90599999999998,243
USC00082288,27.3697,-81.5136,PRCP,1925,2020,5470.854676151354,6.398660439943105,31.214140272641387,33.18437861149512,47.400000000000034,68.23999999999991,242.3,100.01799999999996,203
USC00082298,26.6639,-81.09,PRCP,1956,2020,5515.374912771773,6.4507308921307285,31.785984518335127,35.75276547655147,48.3,76.2,165.1,102.1119999999999,193
USC00083020,25.1422,-80.9144,PRCP,1962,2020,5243.078399477497,6.1322554379853775,33.314665542127585,38.1,52.6,79.25,238.0,170.57000000000062,171
USC00083153,27.5728,-82.1392,PRCP,1948,2020,6047.447284460239,7.073037759602618,32.86870347587406,37.66531404702493,58.8,82.11999999999986,134.6,126.52,197
USC00083163,26.1019,-80.2011,PRCP,1912,2020,7775.760847212185,9.094457131242322,33.5,45.260000000000005,83.77999999999997,98.59999999999998,185.4,154.34399999999988,225
USC00083207,27.4419,-80.3508,PRCP,1901,2020,7517.005445102657,8.791819234038195,31.77066216490025,38.07993911951307,53.25,93.96999999999994,351.8,210.93399999999997,232
USC00083909,25.8175,-80.2858,PRCP,1940,2020,6282.012957536437,7.347383576066008,31.323839096748134,35.6,52.8,79.67500000000001,191.0,148.21499999999986,216
USC00084289,28.8028,-82.3128,PRCP,1899,2020,5830.123017324096,6.81885733020362,31.48199183179137,34.43087063724113,46.06000000000003,69.47999999999998,242.3,117.93799999999986,219
USC00084625,28.2764,-81.4239,PRCP,1948,2020,6132.522940347151,7.172541450698422,31.731954583646846,33.77814452584306,47.53,63.21360520753828,241.3,123.26400000000007,230
USC00085076,28.8728,-81.7844,PRCP,1958,2020,6864.579104216507,8.028747490311705,31.56526168907461,34.208922311007186,48.8,71.0,182.9,158.75,251
USC00085539,30.1064,-83.1819,PRCP,1949,2020,7332.37160431294,8.575873221418643,35.68600814784679,46.0,71.75,108.975,226.6,193.475,206
USC00085612,28.1136,-80.6539,PRCP,1937,2020,7204.681288613674,8.42652782293997,31.72959038443706,35.800000000000004,57.90000000000006,92.61999999999999,301.0,206.0840000000003,239
USC00085895,26.84,-81.0872,PRCP,1918,2020,6153.677302483457,7.197283394717494,30.888714465482202,33.204108712550386,44.90252954743226,57.37,296.4,107.44800000000002,239
USC00085973,27.9378,-81.5992,PRCP,1935,2020,6020.6677770547085,7.0417166983096005,32.01068907870104,35.2211265784598,50.500000000000014,71.27499999999999,152.4,136.89200000000008,214
USC00086065,27.2417,-82.3161,PRCP,1943,2020,7000.234292515865,8.18740852925832,33.461385243868015,40.40000000000001,57.2,79.64499999999992,222.3,147.59399999999982,228
USC00086078,26.1653,-81.6842,PRCP,1942,2020,6933.134932058099,8.108929745097193,33.46751194468912,40.02,63.5,84.07499999999996,208.0,130.50699999999995,228
USC00086240,30.5317,-86.4928,PRCP,1927,2020,7516.8750952495775,8.79166677806968,40.449999999999996,53.16000000000001,76.69000000000001,136.0249999999998,273.1,246.26999999999998,182
USC00087025,30.0986,-83.5742,PRCP,1897,2020,6558.295721896286,7.670521312159399,34.49881746971512,39.92562678888138,61.24000000000002,93.58999999999995,307.3,129.27200000000025,199
USC00087205,28.0208,-82.1386,PRCP,1893,2020,6358.1453951838685,7.43642736278815,31.293630727775895,34.10000000000001,51.1,92.95499999999984,166.4,153.64300000000003,220
USC00087397,26.9147,-81.9969,PRCP,1965,2020,6556.704213003448,7.668659898249647,33.09533069139003,38.1,62.25,83.19999999999999,262.9,123.73499999999997,216
USC00087429,30.5497,-84.5836,PRCP,1968,2020,3944.642611694643,4.613617089701337,35.56856649953818,40.72114784596208,62.68000000000006,74.38999999999999,196.9,117.83999999999999,127
USC00087760,25.3867,-80.5936,PRCP,1949,2020,6496.170296627517,7.5978599960555755,32.52152065080577,38.63732554178919,58.900000000000006,79.25999999999998,215.9,195.54099999999994,204
USC00087851,28.3378,-82.26,PRCP,1895,2020,7145.134257056432,8.356882171995826,33.48574554416146,40.1,60.6,85.27499999999999,235.5,169.925,226
USC00087982,28.8147,-81.2778,PRCP,1956,2020,6450.8178029431565,7.544816143793166,32.11048159733846,36.64,51.09999999999998,72.6649999999999,292.1,178.04000000000002,220
USC00088620,27.1897,-80.2397,PRCP,1935,2020,7094.894886415854,8.298122674170589,32.430848828741034,38.6,63.5,107.80000000000001,292.1,160.45,211
USC00088824,28.1522,-82.7539,PRCP,1892,2020,6600.212289440153,7.719546537356904,31.79425522666466,38.1,55.9,89.9,297.7,155.84000000000026,221
USC00088942,28.6242,-80.8169,PRCP,1901,2020,6555.950691279312,7.667778586291593,31.584275133121956,35.843866205414336,49.8,59.7,218.4,177.8079999999999,235
USC00089120,29.4081,-82.8189,PRCP,1956,2020,6604.359776407611,7.724397399307148,32.845077851444366,38.85471367692766,59.720000000000034,92.96,160.0,148.50800000000004,217
USC00089176,27.1006,-82.4364,PRCP,1927,2020,7018.4304726297805,8.2086906112629,32.51951128740508,37.16326312476869,57.24,90.32999999999998,300.2,164.17799999999994,219
USC00089219,27.6528,-80.4031,PRCP,1965,2020,7058.299063232465,8.255320541792358,31.842155273472933,36.05217074712023,51.70000000000001,88.25,190.8,173.11800000000005,239
USC00089401,27.5478,-81.7994,PRCP,1933,2020,5646.9361328880395,6.604603664196538,31.593239491247523,35.760000000000005,47.34000000000001,68.21999999999997,228.6,137.85999999999984,197
USC00089566,30.1192,-85.2042,PRCP,1901,2020,7067.975495528182,8.26663800646571,34.3,42.0435469662923,64.8,92.05000000000001,209.0,200.15000000000015,211
USC00090140,31.5339,-84.1489,PRCP,1892,2020,5396.998923293193,6.312279442448179,33.654364840759214,36.93202665763377,55.63,85.13999999999996,151.9,141.223,170
USC00090311,33.5572,-82.3369,PRCP,1961,2020,4179.7535743560775,4.888600671761494,38.51027955011938,50.8,64.92735294909087,89.64999999999996,241.3,232.11199999999954,108
USC00091266,32.375,-81.673,PRCP,1925,2020,5311.744173139503,6.212566284373688,37.35655058921002,42.83541727266402,61.79867898796647,81.72999999999999,142.2,118.00199999999958,159
USC00091500,31.1903,-84.2036,PRCP,1889,2020,5234.8593279515535,6.122642488832226,33.91054861589492,39.44,69.95,93.20999999999984,128.3,119.14999999999995,160
USC00092266,31.985,-83.7747,PRCP,1892,2020,4487.641915742175,5.2487039950200876,33.468697981293325,36.61509604260818,49.86,96.72000000000001,235.7,151.12799999999973,138
USC00092966,32.2003,-83.2058,PRCP,1892,2020,4218.518882908166,4.93394021392768,33.1613765809132,37.8,67.35,102.025,149.6,129.9,126
USC00093060,34.1408,-82.855,PRCP,1891,2020,4424.194955608027,5.174497024102956,40.55449604418185,49.8,58.100000000000016,84.21499999999997,170.2,112.7899999999999,122
USC00093538,31.8694,-81.6236,PRCP,1964,2020,5476.435586450194,6.405187820409584,35.28687788983807,40.18000000000001,59.48872912716483,78.57999999999997,307.3,177.38999999999976,159
USC00093754,31.9881,-81.9522,PRCP,1904,2020,4927.7853957818525,5.763491690972927,34.190008600820065,39.95520760723424,55.120000000000005,74.9199999999999,190.5,158.6,157
USC00094170,32.2842,-83.4681,PRCP,1892,2020,4684.63788358252,5.4791086357690295,33.93751471681906,39.43110301586966,56.89999999999998,76.73999999999997,184.9,118.38400000000006,145
USC00095314,33.0125,-82.3914,PRCP,1893,2020,4907.652072066525,5.7399439439374556,35.1619301010718,42.140599917072294,70.43000000000005,99.03499999999983,417.1,165.8569999999999,132
USC00095863,32.8753,-82.2156,PRCP,1957,2020,4739.906478886638,5.54375026770367,38.8590694748864,51.1,71.06,95.3,208.0,137.7000000000001,133
USC00096087,31.1769,-83.7492,PRCP,1926,2020,5041.53249150601,5.89652922983159,34.97824497897529,41.839145213823656,75.37999999999998,88.37999999999995,167.1,143.19800000000015,155
USC00097087,32.0467,-84.3711,PRCP,1956,2020,4919.335621115455,5.753608913585327,33.59301741301037,37.546039256435904,64.24000000000012,99.1,429.3,129.754,135
USC00097777,32.9744,-82.8045,PRCP,1914,2020,4781.879199364028,5.5928411688468165,35.158268434690385,50.39867754910076,78.06999999999996,102.725,190.0,130.03300000000002,128
USC00098535,32.6864,-84.5208,PRCP,1893,2020,3506.930777498111,4.101673423974399,35.24249479102427,39.924417839046484,71.14,86.06999999999998,172.7,119.38800000000003,103
USC00098703,31.4461,-83.4767,PRCP,1911,2020,4695.399944949106,5.491695842045738,33.20998558523578,36.2984608274625,48.64000000000001,69.38000000000007,149.1,114.00199999999997,163
USC00099157,33.7264,-82.7058,PRCP,1893,2020,4228.545337357929,4.945667061237344,40.61033187855173,53.3,70.47807659882493,92.65,118.9,109.05,116
USC00099194,33.0714,-82.0072,PRCP,1892,2020,3863.8307988149536,4.519100349491174,37.4,50.96,62.68000000000002,89.21999999999998,154.9,115.13799999999999,115
USC00160007,29.9689,-92.1169,PRCP,1891,2020,6063.667163618972,7.092008378501721,33.53323747284357,47.12000000000002,90.58000000000014,122.05000000000001,208.3,167.7659999999998,159
USC00160098,31.3206,-92.4611,PRCP,1892,2020,4560.15461883736,5.333514174078784,36.7,50.0,79.65,95.35,254.0,135.375,126
USC00160565,30.1328,-91.3228,PRCP,1969,2020,5464.050603036526,6.390702459691843,33.93142663134129,39.82000000000001,61.0,88.58,153.7,126.91599999999998,169
USC00161287,30.9594,-92.1786,PRCP,1956,2020,5295.066889624566,6.193060689619376,36.26,47.04,90.40000000000003,117.43999999999994,214.4,192.04799999999994,135
USC00161565,30.1981,-91.1256,PRCP,1937,2020,5824.240059863596,6.811976678203036,34.36517431434813,49.35999999999998,70.4,99.42500000000001,161.8,152.2430000000001,168
USC00162212,30.2408,-92.3478,PRCP,1906,2020,5350.384703022444,6.2577598865759585,35.51382620577767,42.06,70.88,98.74999999999999,169.4,127.36400000000012,155
USC00162534,30.0719,-91.0278,PRCP,1893,2020,6008.341959457138,7.027300537376769,33.85167140109589,39.88000000000001,63.5,95.97999999999996,154.2,136.12099999999998,184
USC00163313,29.8233,-91.5442,PRCP,1893,2020,5786.165002495186,6.767444447362791,33.287681941666314,38.61549463318061,66.3,86.4,203.2,159.11999999999995,181
USC00163433,29.4631,-90.3072,PRCP,1968,2020,6747.143405953386,7.891395796436709,34.36491843955149,41.10000000000001,76.22000000000003,129.85,242.6,190.70999999999998,187
USC00163800,30.4183,-92.0442,PRCP,1893,2020,5627.633000145333,6.582026900754776,32.37904111601987,49.480000000000075,86.32000000000005,107.33999999999989,198.1,151.42399999999998,157
USC00164674,29.9592,-91.7108,PRCP,1892,2020,5402.865391996661,6.319140809352819,33.12,36.86210732134138,60.24000000000005,98.50000000000001,184.7,144.912,173
USC00164700,30.2003,-92.6642,PRCP,1897,2020,6206.068584859868,7.258559748374115,33.367241734756625,48.8,87.4,133.6,238.5,206.60000000000016,161
USC00164816,32.355,-93.8619,PRCP,1940,2020,2693.076195352601,3.1497967197106447,31.5308029524579,36.158825860252676,57.760000000000005,72.27999999999999,197.1,142.98000000000027,89
USC00164931,32.4169,-93.4428,PRCP,1947,2020,2771.2359311434916,3.241211615372505,34.24084757631071,44.02,50.65,96.32,115.3,114.47,84
USC00165266,31.1417,-93.2397,PRCP,1903,2020,4531.22654859025,5.299680173789766,37.16,53.96000000000001,81.68000000000002,109.57999999999997,174.5,158.905,120
USC00165920,31.1289,-92.065,PRCP,1963,2020,4568.796341492394,5.343621452037888,37.489999999999995,49.76000000000001,91.02000000000011,133.70999999999998,221.2,189.221,110
USC00166394,29.6833,-91.1761,PRCP,1905,2020,6233.959721484838,7.29118096080098,36.01,51.260000000000005,81.02000000000001,103.33499999999998,144.5,125.56099999999996,182
USC00166938,30.6036,-92.7739,PRCP,1952,2020,5458.234891599658,6.383900458011296,35.6,51.6,85.3,127.0,398.8,173.41999999999996,141
USC00167304,30.7111,-90.7525,PRCP,1942,2020,6273.617270892464,7.33756405952335,33.920959102692805,47.5,68.6,89.60000000000001,218.4,191.575,176
USC00167932,29.7286,-92.8181,PRCP,1964,2020,5323.007485683622,6.22573974933757,32.76073724506113,44.06000000000001,82.77999999999997,114.56999999999988,184.2,162.76600000000013,155
USC00168163,31.9497,-91.2336,PRCP,1894,2020,3807.5953985515175,4.453327951522243,33.23140512187068,40.23121127201375,56.86999999999998,103.96999999999997,150.6,149.873,118
USC00168539,30.265,-89.7697,PRCP,1956,2020,6970.525515413532,8.152661421536294,36.55004091714745,48.379999999999995,77.84000000000003,100.85999999999996,208.3,161.40800000000007,189
USC00169806,32.0997,-91.7022,PRCP,1893,2018,3742.804002022819,4.377548540377566,33.08635628405102,38.660000000000004,74.93,101.62499999999999,336.6,206.31600000000068,100
USC00170480,44.4394,-68.9892,PRCP,1893,2020,2578.7624845771134,3.0160964731896063,44.52384172122306,49.15957865893131,63.36923521535845,76.51999999999998,116.8,108.89399999999995,60
USC00170600,45.0697,-69.9053,PRCP,1957,2020,2109.9860252324324,2.4678199125525526,46.68056768465184,49.24296831175499,53.1,61.522363097102385,87.6,77.83092387394777,51
USC00170814,45.6603,-69.812,PRCP,1929,2020,1887.7502401364536,2.2078950177034544,46.766893280091516,48.72402377550921,57.87227077989566,62.297676408572684,86.9,80.01499999999996,46
USC00170833,46.4283,-67.8442,PRCP,1957,2020,2058.4082150113163,2.407494988317329,44.78947572063928,47.72710063205217,59.57235341360155,68.82999999999998,109.2,101.06900000000002,48
USC00171628,44.9197,-69.2417,PRCP,1947,2020,2436.343951129218,2.849525089040021,49.45296562948174,52.03198903704386,64.50978390894475,73.05999999999999,88.9,85.03599999999999,57
USC00172765,44.6894,-70.1564,PRCP,1893,2020,1967.9754421167975,2.3017256632945,46.61195261695098,51.90377365318078,71.06000000000002,86.31999999999998,110.7,110.172,45
USC00172878,47.2386,-68.6119,PRCP,1893,2020,1557.0014162559767,1.8210542880186862,44.87902497889071,54.1,57.150000000000006,67.01701140029456,122.4,110.56999999999995,36
USC00173046,44.2203,-69.7889,PRCP,1886,2020,2704.1744179695747,3.162777097040438,45.22523647999875,50.616916753573044,63.20628506181479,101.6,151.4,146.54000000000002,61
USC00173261,45.1775,-67.7742,PRCP,1948,2020,2285.086945149026,2.6726163101158202,45.808450234877114,49.114853985807045,56.04757191428164,71.97499999999998,86.4,80.994,54
USC00173588,45.4586,-69.8653,PRCP,1969,2020,1837.933444770554,2.1496297599655603,46.969322571864296,48.25696774334952,51.95,58.39880144683425,65.33274456756453,64.28300951216048,46
USC00174086,45.6261,-70.2461,PRCP,1894,2020,1589.0377992915833,1.8585237418615008,43.37619507465636,46.43185314656427,50.157520103362444,63.5,78.0,73.32000000000002,41
USC00174927,44.7975,-69.8889,PRCP,1894,2020,2202.706514943274,2.5762649297582154,46.64375536681163,49.823097769200714,59.81915576477911,66.15499999999997,79.5,74.25299999999999,54
USC00175460,45.5853,-69.7186,PRCP,1930,2020,1889.7931783815704,2.2102844191597315,47.97213894276375,50.78979148101409,58.50095409731945,61.174743867111,94.5,85.87600000000005,45
USC00175675,44.0436,-69.5375,PRCP,1965,2020,2632.544358545408,3.0789992497607113,44.747470114677284,49.2229092862638,63.7695057778842,76.50999999999998,138.4,106.47000000000014,63
USC00177037,44.9892,-70.6719,PRCP,1969,2020,2025.6188351230624,2.3691448364012424,43.15588805263318,47.982157568077305,56.6641137812924,78.6951276576442,113.0,107.38399999999996,49
USC00177479,43.4569,-70.7803,PRCP,1953,2020,3081.714702216706,3.6043446809552115,45.056592359050015,49.191805870316,60.11970635899371,74.03999999999995,138.2,130.97299999999996,74
USC00179151,44.5272,-69.6544,PRCP,1958,2020,2546.9658497194646,2.9789074265724733,48.8192695087036,53.32654843993797,59.7,64.92499999999998,144.3,106.06799999999978,60
USC00179891,45.1542,-67.3986,PRCP,1917,2020,2449.2006084440845,2.86456211513928,45.57883040967014,54.13471491180009,67.44999999999999,72.65,83.1,81.39500000000001,56
USC00180700,39.0303,-76.9314,PRCP,1941,2020,3398.9899689490016,3.9754268642678383,41.753533025615816,51.180076712261844,61.18000000000001,72.96000000000001,130.8,124.952,87
USC00182060,39.6556,-76.175,PRCP,1936,2020,3083.6426957069607,3.6065996441017085,43.2,50.695793912937745,63.39758044305066,112.125,209.6,153.20000000000002,76
USC00182325,38.9386,-77.1133,PRCP,1948,2020,3541.743809190993,4.142390420106425,42.30266185177335,50.018294856946824,71.23,95.66499999999999,150.4,139.54199999999997,90
USC00186350,38.9133,-76.97,PRCP,1948,2020,3554.9106088465055,4.1577901857853865,44.00054956434586,49.475019302105224,70.78000000000003,81.03999999999999,159.5,157.39999999999998,85
USC00186620,39.4131,-79.4003,PRCP,1893,2020,2448.497308172997,2.8637395417228033,37.164876450334205,38.87030396044799,53.84040991909441,59.987099956399334,97.0,90.72199999999997,74
USC00187330,38.2122,-75.6822,PRCP,1894,2020,3701.710623124747,4.329486108917833,41.22633694508593,50.602447696868126,68.70999999999997,122.55999999999993,182.9,163.8469999999999,88
USC00187806,38.7153,-76.1908,PRCP,1948,2020,4256.086223653209,4.9778786241558,41.18104709730265,48.3,64.75,80.05,200.7,177.51500000000013,106
USC00188065,39.51,-79.14,PRCP,1945,2020,2609.5793151250523,3.0521395498538624,38.262502866699975,42.76000000000001,53.642714309321356,61.428749667651275,168.4,112.85500000000019,70
USC00188380,38.2317,-75.3761,PRCP,1916,2020,4668.374774597402,5.460087455669476,39.556211962036244,51.151117703756675,75.78000000000003,105.565,165.1,146.42900000000006,120
USC00190120,42.3861,-72.5375,PRCP,1893,2020,2619.255876706839,3.063457165738993,45.79781087767646,49.5,62.14932904277282,79.0,123.2,122.12,61
USC00190190,42.6178,-71.9158,PRCP,1906,2020,3062.881190024404,3.5823171813150925,41.23759858297125,47.99518623346977,63.25,76.125,136.4,106.475,76
USC00190562,42.2797,-72.3483,PRCP,1942,2020,2793.9162116628127,3.2677382592547515,44.454903186139866,52.54986083401806,67.69769853563105,84.64999999999998,138.7,114.37899999999993,68
USC00190736,42.2122,-71.1136,PRCP,1893,2020,3264.1659972833363,3.817738008518522,43.55056037358254,51.70388512968353,68.02000000000001,89.66000000000001,98.6,97.304,82
USC00190860,42.0475,-71.0081,PRCP,1894,2020,3209.874764879658,3.7542394910873194,41.249999999999986,45.7,57.84331382143505,65.03889060786202,111.3,93.53500000000012,86
USC00192451,41.7653,-70.6697,PRCP,1912,2020,3447.196207487356,4.031808429809773,41.6493053678264,46.341762154950764,57.86124586240328,69.27499999999999,169.9,152.6450000000001,86
USC00192997,42.0792,-71.4094,PRCP,1926,2020,3275.090244906609,3.8305149063235193,44.21227305160316,53.16,67.95205802666938,84.28000000000002,136.1,130.99699999999999,82
USC00193505,42.7594,-71.0603,PRCP,1899,2020,2731.3178847819404,3.1945238418502226,41.6566920849191,47.54055955112945,55.9,67.68044914124698,151.9,123.61999999999989,71
USC00193624,42.2269,-70.9125,PRCP,1960,2020,3230.6622302085643,3.7785523160334087,40.38107226713455,45.657678809380904,60.024742297962185,67.5,119.4,92.48200000000001,87
USC00193821,41.665,-70.3039,PRCP,1893,2020,2995.179361035461,3.5031337555970308,41.244504595005324,45.7,59.492327072488976,76.95,153.4,118.375,76
USC00194105,42.6992,-71.1658,PRCP,1893,2020,2803.8144175067337,3.2793151081950103,43.794320969086066,49.29011992524268,59.92000000000002,75.19999999999999,153.7,131.5999999999998,69
USC00194711,41.8819,-70.9086,PRCP,1893,2020,3269.69454040129,3.824204140820222,42.445634254060764,48.63372339284159,58.729686171674004,71.98819389072466,106.9,104.52000000000001,86
USC00194744,42.5933,-71.0186,PRCP,1925,2020,2995.990756443049,3.5040827560737418,42.85359008125688,46.55260463407976,60.39705468044712,67.42999999999999,101.1,82.84799999999998,79
USC00194760,42.1633,-71.5119,PRCP,1885,2020,3145.5762416966522,3.6790365399960843,45.39339843510377,55.65851564028385,77.0,94.57999999999998,128.3,119.42000000000006,75
USC00195285,42.8319,-70.9153,PRCP,1893,2019,3057.9853153919003,3.5765910121542692,41.011080599128135,46.72626685282308,57.28716737610632,90.67999999999998,135.6,114.61799999999997,79
USC00195524,42.115,-71.6761,PRCP,1964,2020,3331.2383099921735,3.8961851578855833,44.000207435640725,50.0,67.49520720250631,94.375,106.2,104.415,86
USC00196938,41.785,-70.9175,PRCP,1900,2020,3240.015021369105,3.7894912530632805,41.438514810928396,49.72704624175253,62.30000000000001,68.47999999999999,119.9,105.78799999999993,85
USC00197627,42.0583,-72.0722,PRCP,1926,2020,3307.636846694426,3.8685811072449425,44.38093757684997,52.34687749383709,72.15397902730916,82.97499999999998,161.5,147.02400000000006,78
USC00221094,31.5447,-90.4581,PRCP,1893,2020,4365.726120801298,5.106112421989822,34.27576512108152,44.12000000000005,63.42,101.7549999999997,170.2,160.98299999999995,122
USC00221860,32.42,-88.7603,PRCP,1965,2020,4312.284523578472,5.043607629916341,37.8,48.5,73.4,94.0,136.7,126.97999999999999,121
USC00221865,31.2503,-89.8361,PRCP,1903,2020,5268.066705667174,6.161481527096109,35.50463907748249,42.82,69.72040868883663,82.74000000000001,309.9,151.6280000000005,158
USC00222034,32.0853,-88.5297,PRCP,1940,2020,3418.9463271139803,3.998767634051439,33.51114756595259,40.79913566179856,67.88000000000007,102.00499999999997,170.7,151.79100000000008,100
USC00223887,31.2547,-89.3392,PRCP,1893,2020,5672.497988741272,6.6345005716272185,33.715733163026606,41.51266852926808,82.07999999999998,99.91999999999982,228.6,177.99800000000027,155
USC00224939,31.6756,-89.1236,PRCP,1891,2020,4013.9484689413207,4.694676571861193,34.28771162440567,41.048978563293325,55.35000000000001,86.2299999999999,177.8,161.35099999999994,124
USC00224966,31.1494,-88.555,PRCP,1894,2020,6005.133463141288,7.02354791010677,36.08641969254362,48.3,73.7,99.3,210.1,174.82000000000022,161
USC00225943,31.8375,-89.5975,PRCP,1940,2020,4220.402255903911,4.9361429893613,35.2154793038517,47.920000000000016,65.34000000000003,104.22999999999999,184.9,168.576,119
USC00225987,31.5519,-90.1058,PRCP,1907,2020,3596.3860863377486,4.206299516184501,33.93723068143075,37.72435915217574,69.66,84.09999999999998,195.1,158.656,109
USC00226177,31.5889,-91.3408,PRCP,1892,2020,4545.397316857162,5.316254171762763,33.119519088954554,42.2,68.85,93.175,172.7,163.11000000000007,136
USC00226476,32.2061,-90.5133,PRCP,1948,2020,2958.3501603942386,3.4600586671277647,33.14798786772162,42.4,59.05,83.85,135.9,127.72999999999998,96
USC00226894,32.7692,-89.1303,PRCP,1949,2020,3784.9987221094793,4.4268990901865255,39.69999999999998,53.559282284714676,93.13999999999999,113.19999999999999,211.1,171.07999999999993,93
USC00227128,30.8408,-89.5453,PRCP,1896,2020,5192.039010274899,6.072560245935554,33.799545221316734,41.82,57.2,89.08000000000007,223.5,130.32200000000017,158
USC00227132,31.985,-90.9719,PRCP,1893,2020,3216.5830376664785,3.7620854241713197,33.246482283281395,50.660000000000004,69.25000000000001,92.84,131.6,128.82800000000003,100
USC00227220,31.1775,-89.4156,PRCP,1940,2020,5695.186632151308,6.661036996668196,33.86419406354436,50.54000000000004,72.1,122.20999999999998,212.9,185.9060000000003,152
USC00227840,30.6264,-89.055,PRCP,1954,2020,6820.4993204393295,7.977192187648338,34.8,52.89084554615083,82.76000000000008,122.88,356.9,197.51599999999976,169
USC00228556,31.4222,-89.5386,PRCP,1940,2020,5734.14776635126,6.706605574679836,33.35400359152507,44.980000000000004,73.26000000000006,99.64999999999998,226.3,195.44899999999996,154
USC00229326,32.5972,-89.4606,PRCP,1938,2020,3747.486218081632,4.383024816469745,34.8,46.2,61.34959055640441,76.7,313.4,126.52000000000002,111
USC00229439,31.6772,-88.6708,PRCP,1892,2020,5332.276040506917,6.236580164335575,35.61849597625269,45.660000000000004,71.84000000000005,101.75999999999996,214.6,146.15599999999984,147
USC00270690,44.4536,-71.1856,PRCP,1886,2020,2004.5535562469174,2.344507083329728,42.63241311882635,46.44083611897909,61.23219027104801,86.38999999999994,165.1,143.24999999999994,47
USC00271647,44.8611,-71.5392,PRCP,1960,2020,1584.4460443996832,1.853153268303723,44.044295513777094,50.996374240492045,63.75290451564618,66.9492232626694,73.82207765083666,72.14890892002711,38
USC00272174,43.1433,-70.95,PRCP,1893,2020,2653.5397581221514,3.103555272657487,46.76297747429001,50.5,58.033716327688836,68.75694026734607,132.8,120.44999999999989,66
USC00272800,43.0303,-71.0839,PRCP,1963,2020,2763.301608748121,3.231931706138153,44.72555516625358,50.316274748316594,55.80573506103194,63.72792718992744,188.0,149.79199999999997,65
USC00272999,45.09,-71.2906,PRCP,1918,2020,1777.050220008811,2.0784213099518256,42.40473669983858,46.178319327364235,52.9070814980321,58.66764711374504,82.3,77.828,44
USC00273850,43.7053,-72.2856,PRCP,1884,2020,1715.8430653395596,2.0068339945491926,46.82051533708098,51.1,58.00011166258973,68.1,91.7,87.74000000000001,41
USC00274399,42.9389,-72.3247,PRCP,1893,2020,2453.457948227994,2.8695414599157827,44.57981611018131,49.5,55.4,63.32297421262105,111.0,91.01999999999995,61
USC00274480,43.5492,-71.4644,PRCP,1926,2020,2484.6186742487184,2.905986753507273,40.06039357372591,48.42294059906385,57.25898013380393,75.10999999999999,102.6,99.36699999999999,62
USC00274556,44.4958,-71.5767,PRCP,1892,2020,1888.2379797782285,2.2084654734248286,43.741653440489316,48.44722751772495,51.82411123644386,54.81189908288805,60.7,59.49999999999999,49
USC00275211,42.9892,-71.3933,PRCP,1942,2020,2748.957220018499,3.21515464329649,45.06488141020651,49.536934106060194,64.80088116372073,70.225,133.4,109.7399999999998,66
USC00275712,42.7914,-71.4736,PRCP,1885,2020,2949.928479942038,3.45020874847022,44.56703593673706,55.34134979009862,63.13,76.33999999999999,127.3,118.33000000000001,70
USC00275868,43.3772,-72.1811,PRCP,1928,2020,2403.807444750547,2.8114706956146747,46.08625413341456,53.39696210002748,69.95038616859536,75.49000000000001,152.4,111.79200000000006,55
USC00276818,44.2581,-71.2525,PRCP,1930,2020,2419.2458787846113,2.8295273436077326,47.452920859044696,55.40736121784363,65.78000000000002,94.5856965793549,162.8,147.87599999999992,53
USC00280927,40.5561,-74.5717,PRCP,1956,2020,3596.9535464998253,4.206963212280497,44.91316145959939,51.449268191308036,75.19999999999999,95.58499999999995,211.6,183.64900000000014,78
USC00281327,41.1092,-74.4828,PRCP,1948,2020,2943.8352294127612,3.4430821396640483,50.78055013887678,64.53737538904065,80.78000000000002,97.66999999999999,177.3,163.72200000000007,63
USC00281335,40.7436,-74.3539,PRCP,1931,2020,3741.175211063539,4.3756435217117415,52.696824505088465,61.92,73.31170279204184,106.39499999999987,222.5,199.7850000000001,78
USC00281582,41.03,-74.4247,PRCP,1893,2020,3074.762339221029,3.5962132622468173,48.18800203580038,59.68000000000001,76.47000000000003,87.505,185.9,177.25699999999998,68
USC00283029,40.5739,-74.8817,PRCP,1898,2020,3729.9766312615807,4.362545767557404,45.98942040446573,53.65224462464704,75.14,83.57,215.6,195.67399999999984,83
USC00283951,40.2664,-74.5642,PRCP,1893,2020,3716.6277021022306,4.34693298491489,44.571288799858124,50.06475429126022,60.2,74.7359804855855,200.4,147.4380000000002,92
USC00284229,39.7994,-74.7806,PRCP,1901,2020,3752.515662598371,4.388907207717393,46.37262481421929,53.69828639694124,74.24119517556329,91.45999999999995,142.5,126.22000000000008,89
USC00284635,40.3594,-74.9447,PRCP,1931,2020,3750.5265456608618,4.386580755158903,46.2045481621812,51.68820296237462,68.4996884607768,95.57499999999996,190.5,144.13099999999997,90
USC00285346,39.4506,-74.7472,PRCP,1944,2020,2903.343624618901,3.395723537565966,39.245826317678194,46.30000000000001,62.78000000000004,85.76999999999994,196.6,140.4340000000004,75
USC00286055,40.4728,-74.4225,PRCP,1968,2020,4005.223812669588,4.684472295519986,45.262563281879835,52.01094079194873,69.94000000000003,121.85999999999979,202.2,195.51200000000003,89
USC00286460,41.0356,-74.5011,PRCP,1941,2020,3180.8445293358473,3.720285999223213,48.973232127549515,55.520000000000024,72.38000000000002,98.03999999999988,192.5,158.29599999999965,69
USC00288644,41.2214,-74.6625,PRCP,1893,2020,2702.4629160061872,3.160775340358114,47.54006361356047,55.219613876318434,70.91737472354959,122.95499999999994,163.6,161.94799999999998,60
USC00300063,42.4697,-73.9267,PRCP,1942,2020,2423.083453896256,2.8340157355511764,46.22704405636324,51.067691182581754,64.7358993376932,102.09999999999998,175.0,144.21599999999984,53
USC00300889,40.9519,-72.2981,PRCP,1930,2020,3632.1858529891547,4.248170588291409,41.21508128951447,47.8,62.472641716219016,94.82499999999999,178.8,149.6450000000002,86
USC00301168,42.1944,-76.3128,PRCP,1944,2020,2080.2947226453266,2.433093242860031,41.772590858812464,48.37094785779902,64.98124092991627,82.78499999999998,134.9,112.35800000000009,52
USC00301752,42.7167,-74.9267,PRCP,1893,2020,1777.2440248573137,2.078647982289256,41.31588705970618,43.23663110408239,53.14,56.440237435098,92.7,87.5518418399727,49
USC00302554,44.2139,-73.5986,PRCP,1897,2020,1800.8152939485767,2.1062167180685107,44.38795689236754,48.40788130135685,86.77000000000005,99.53129585665087,152.7,134.0890000000001,38
USC00302610,42.0997,-76.8358,PRCP,1893,2020,1966.4597878601292,2.299952968257461,43.282586530881076,47.4113706582828,70.75,92.375,100.6,97.62999999999998,46
USC00304102,43.7547,-74.2756,PRCP,1899,2020,1889.8043057747677,2.210297433654699,42.24917994185341,45.06206308904179,58.80054427724427,79.8238590368999,95.0,91.36599999999999,47
USC00304174,42.4492,-76.4492,PRCP,1893,2020,1885.7048155291147,2.2055027082211867,41.1135910864618,45.805215742708036,60.228836068697845,73.56999999999996,90.2,84.95699999999998,50
USC00304731,41.8017,-74.74,PRCP,1898,2020,3108.911030225094,3.636153251725256,48.0,53.3,64.8,93.94999999999999,137.7,123.06999999999994,71
USC00305248,42.8503,-73.6094,PRCP,1965,2020,1715.238611294999,2.0061270307543846,43.15862626872845,46.92962530434155,59.2032673846855,68.88499999999998,92.7,89.58399999999997,42
USC00305426,41.7681,-74.155,PRCP,1896,2020,3100.395323433754,3.626193360741233,53.739999999999995,63.800000000000004,95.78999999999999,112.27999999999993,208.5,159.70000000000005,62
USC00305751,43.2097,-75.6453,PRCP,1932,2019,1796.2687608730387,2.100899135524022,43.287903940458875,46.89548713983783,51.961076429665695,58.91335820440772,102.6,90.94499999999994,46
USC00305925,43.6611,-73.8969,PRCP,1907,2020,2023.9835961763097,2.367232276229602,43.768285627967984,49.562897913699395,72.16000000000001,78.22037371563584,91.7,87.18799999999996,49
USC00306062,43.1592,-74.2042,PRCP,1903,2020,1656.3666779112061,1.9372709683172002,50.39999999999999,55.60316826059528,60.468043960438145,69.12000000000002,93.0,89.12399999999997,39
USC00306085,42.5117,-75.5197,PRCP,1906,2020,2105.784961058256,2.4629063872026387,43.29048773813621,47.59890266424189,57.12110475852059,79.97500000000001,91.4,91.01500000000001,56
USC00306538,44.5656,-73.5706,PRCP,1938,2020,1310.2751579536912,1.5324855648581184,48.47693240461019,66.73687326670947,71.11117427981723,94.39838070986289,114.3,111.51799999999999,27
USC00306774,41.3892,-74.6906,PRCP,1893,2020,2889.7187157406725,3.3797879716265173,45.05211900462166,50.8104459588948,68.95921162791761,106.40999999999994,163.3,147.92200000000008,67
USC00307134,40.9619,-72.7158,PRCP,1938,2020,3458.5976011369657,4.04514339314265,40.67365051335258,50.08261822231337,59.953708433179,98.38,141.7,140.44,85
USC00307210,41.5917,-74.6142,PRCP,1963,2020,3028.0192242822613,3.541542952376914,49.47669452145435,57.30935545107933,70.91000000000003,92.66999999999999,137.7,129.65999999999997,68
USC00307484,43.0411,-73.8211,PRCP,1955,2020,1815.9843759719802,2.123958334470152,46.448079332906026,49.6070860332557,58.121141538789885,85.8298653889052,107.4,102.06800000000001,44
USC00307705,42.6772,-75.5067,PRCP,1907,2020,1886.998688926958,2.2070160104408867,40.92506638162195,46.6548722056677,53.433280341883716,63.541041615291235,87.6,78.19999999999999,51
USC00308578,43.2761,-75.1567,PRCP,1909,2020,1247.6432525165771,1.4592318742883943,46.31552064908165,50.60493048689091,58.08962296002769,68.7501253365762,77.82713651350602,75.36972419431916,32
USC00308600,42.7508,-73.6856,PRCP,1932,2020,2000.6416909806476,2.339931802316547,43.2,48.3,57.4,59.134588233979585,88.1,86.6,51
USC00310090,35.3992,-80.1994,PRCP,1911,2020,5114.153862460262,5.9814665058014755,46.75999999999999,53.137871164848335,75.23000000000006,100.33499999999997,177.8,163.35399999999998,132
USC00310286,35.7083,-79.8381,PRCP,1926,2020,4915.983181772399,5.749687931897543,41.563263254660896,51.13614124314396,75.4,93.35,191.0,127.98999999999987,131
USC00310576,35.1311,-76.8161,PRCP,1968,2020,8155.43775370152,9.538523688539788,41.4,49.5,84.3,110.5,234.7,165.1,201
USC00311239,36.0603,-79.4481,PRCP,1950,2020,3758.6356002848697,4.396065029572947,40.37843601541273,49.96775055552878,57.93158456768996,74.89,130.8,90.31299999999999,110
USC00311515,35.3319,-79.4067,PRCP,1948,2020,4967.141508582463,5.80952223226019,41.5864806186717,52.06619289884371,83.67999999999999,103.49999999999997,175.3,142.54199999999992,127
USC00311606,34.9833,-76.3,PRCP,1955,2020,7856.522294291359,9.18891496408346,38.0372904302969,46.32583350451067,67.39999999999999,93.73282488196173,233.7,209.73599999999988,215
USC00311677,35.9086,-79.0794,PRCP,1891,2020,5546.890275483143,6.48759096547736,40.84936098124618,50.02000000000001,62.4200000000001,96.5,195.1,163.3760000000001,149
USC00311820,35.6408,-78.4633,PRCP,1955,2020,5850.2628459742355,6.842412685349983,39.232892988271814,50.2,71.82000000000005,96.1,241.3,177.40000000000032,149
USC00311975,35.4111,-80.5833,PRCP,1891,2020,5346.312971690372,6.252997627708038,44.25999999999999,55.50665459014742,76.42000000000002,97.57999999999998,223.5,149.91599999999994,129
USC00312500,35.3247,-78.6881,PRCP,1962,2020,5590.4211332398645,6.53850424940335,40.25,48.67692685455525,76.21069849663614,95.54999999999991,188.0,166.19799999999998,140
USC00312635,36.0164,-76.5517,PRCP,1872,2020,6302.51142829875,7.371358395671052,36.54346863083697,44.57266979037697,75.64000000000004,117.90999999999995,274.6,204.30999999999975,162
USC00312719,36.3097,-76.205,PRCP,1911,2020,6148.628044904714,7.1913778302979114,37.3,44.39728014492687,58.04000000000002,108.22000000000001,199.1,159.62800000000001,173
USC00312732,34.6272,-78.6114,PRCP,1910,2020,5041.899517552503,5.896958500061407,35.77965949987822,42.32458728611074,62.18000000000001,104.57499999999999,298.5,183.11900000000009,142
USC00313017,35.0583,-78.8583,PRCP,1871,2020,5630.512487273408,6.585394721957202,37.24581524428129,43.64380734198038,56.56000000000004,76.89999999999998,206.5,118.97999999999945,169
USC00313356,35.2672,-81.1436,PRCP,1930,2020,4154.46099540007,4.859018708070257,41.75965230305569,49.3277439273276,58.88000000000001,81.22999999999998,154.9,139.94999999999996,115
USC00313555,36.0503,-79.3728,PRCP,1902,2020,4965.612210583498,5.807733579629823,40.579021393362304,48.071574016051166,58.9775952875434,83.76500000000001,168.9,120.81499999999986,138
USC00313638,35.64,-77.3983,PRCP,1875,2020,7529.481826044739,8.806411492449987,35.76146403473863,44.48877078278319,76.38,122.8099999999998,273.1,211.23299999999924,190
USC00313784,34.8872,-79.6922,PRCP,1950,2020,5522.160541750054,6.458667300292461,40.096478090088375,50.4,65.49999999999999,83.80999999999999,198.1,156.418,155
USC00313969,36.3481,-78.4119,PRCP,1893,2020,5081.094642048661,5.942800750934106,36.98296450537558,45.28623820946458,61.49243352847144,89.23000000000008,136.7,131.40800000000007,143
USC00314063,35.9672,-79.9722,PRCP,1921,2020,4359.59689341355,5.098943734986608,38.291687773047975,45.400000000000006,75.48000000000003,103.85999999999999,132.8,128.81799999999993,119
USC00314456,36.3964,-77.4239,PRCP,1948,2020,6004.700149947745,7.023041111049994,39.11200067074247,44.78293457698855,64.15,97.30499999999998,309.9,177.2059999999999,154
USC00314464,35.1858,-79.6772,PRCP,1952,2020,5457.682187975333,6.383254021023782,38.03856822932738,51.70226783067112,77.38,95.53999999999998,163.6,144.86800000000008,145
USC00314689,35.2975,-77.5722,PRCP,1966,2020,7621.585824496582,8.914135467247464,40.053080305875056,57.40000000000002,91.85999999999997,134.56499999999977,336.5,216.81300000000033,170
USC00314860,34.7508,-79.4664,PRCP,1946,2020,5893.69496705354,6.893210487781918,38.07796420122001,47.73821687838272,68.20999999999997,100.02499999999975,261.6,158.1289999999999,160
USC00314962,36.1325,-77.1708,PRCP,1954,2020,6120.993552308437,7.159056786325658,37.350799284713105,50.02000000000001,75.08000000000011,101.77999999999997,228.1,181.4599999999994,159
USC00314970,35.8458,-80.2597,PRCP,1902,2020,3918.805405128157,4.583398134652815,37.5119620770746,44.40000000000002,50.8,91.4,135.6,104.50399999999999,113
USC00315123,36.1028,-78.3039,PRCP,1893,2020,5124.862683070315,5.993991442187503,35.9606194418106,43.400000000000006,54.499768557024126,66.15999999999997,191.8,152.12800000000001,145
USC00315771,34.9797,-80.5233,PRCP,1896,2020,5184.8297411302865,6.064128352199165,41.852276208817344,49.02469571810745,72.02999999999999,108.775,171.2,139.4969999999999,138
USC00315830,34.7336,-76.7358,PRCP,1948,2020,8036.593211380945,9.399524223837362,37.42007202050879,51.199997092735956,71.35999999999999,105.99999999999997,232.4,197.051,210
USC00315913,35.3339,-80.9867,PRCP,1892,2020,4248.491593803631,4.968996016144597,40.46,44.6244222477548,57.30000000000001,68.41499999999999,152.4,89.92400000000004,120
USC00316853,35.8722,-76.6592,PRCP,1945,2020,7279.656238697058,8.514217823037495,37.79027997855562,44.25341464667047,71.20000000000002,104.86999999999978,311.9,189.05800000000016,192
USC00317079,35.7944,-78.6989,PRCP,1892,2020,5063.212983113226,5.921886529956989,40.11634113867925,47.93059762381242,63.53,84.43999999999994,227.3,143.41599999999963,140
USC00317097,35.8222,-79.7917,PRCP,1905,2020,4581.747875114188,5.358769444577998,42.197014686509135,52.2,64.30000000000001,80.47999999999998,157.2,106.76800000000001,125
USC00317202,36.3797,-79.6944,PRCP,1962,2020,4335.871157752658,5.071194336552817,39.95668170812366,46.32866747212387,64.72999999999999,87.36999999999998,130.8,119.179,118
USC00317400,35.8936,-77.6805,PRCP,1914,2020,5984.385067830293,6.999280781088062,36.988427850252506,46.15078465404639,81.34000000000003,99.75,420.4,240.2130000000001,148
USC00317516,36.3464,-78.8858,PRCP,1893,2020,4924.116223374405,5.759200261256614,41.39528143858232,51.627880774334116,72.4,89.55000000000001,172.2,129.4199999999999,131
USC00317615,35.6836,-80.4822,PRCP,1893,2020,3535.0306559490396,4.134538778887766,37.099999999999994,45.052294417383294,68.17609283434047,98.25999999999996,149.9,127.45799999999991,99
USC00317924,35.7606,-79.4622,PRCP,1916,2020,5338.639777873943,6.2440231320163075,40.95374121135808,52.86248639705302,68.32999999999998,107.57500000000009,156.2,153.975,138
USC00317994,35.5172,-78.3442,PRCP,1892,2020,5828.7495655466,6.817250953855672,35.64524904402077,42.59150709066216,55.605343869600304,79.05000000000008,226.1,142.82700000000028,168
USC00318500,35.8847,-77.5386,PRCP,1870,2020,5626.046182617567,6.580170973821716,36.990502077317124,43.461931128626674,65.32,96.27999999999987,241.3,155.48800000000014,155
USC00318964,34.9586,-80.0781,PRCP,1938,2020,4634.904106330849,5.420940475240759,35.331799681064346,41.940000000000005,59.705239294142785,71.32999999999997,269.2,127.35799999999998,135
USC00319100,35.5525,-77.0722,PRCP,1893,2020,7020.550041271727,8.211169638914301,36.19304805777585,43.33835647256669,80.02000000000011,115.31999999999994,289.6,173.87199999999996,179
USC00319467,34.3208,-77.9206,PRCP,1949,2020,9305.043405878234,10.88309170278156,37.32953433402449,49.814189600166614,97.93999999999993,139.6699999999999,365.8,259.03000000000003,215
USC00319476,35.6939,-77.9461,PRCP,1916,2020,6254.005899591888,7.314626783148407,37.02236179270793,45.40381457835587,58.69999999999999,95.2399999999999,242.1,162.0499999999991,175
USC00360140,40.495,-78.4667,PRCP,1967,2020,2200.5450432772213,2.573736892721896,44.342558276538966,48.68949622623181,67.01015192930674,76.73661225871052,99.8,98.39999999999999,57
USC00360457,40.8208,-76.4983,PRCP,1944,2020,2515.5824065106867,2.942201645041739,43.56640048928487,48.48319577524495,65.15750663610402,97.42282118615474,176.5,151.12400000000002,62
USC00361354,39.9353,-77.6394,PRCP,1894,2020,2632.6661930573077,3.079141746265857,38.08488567975448,44.92720139397255,66.49240104107433,78.33454488855145,118.1,94.1020000000002,72
USC00361705,39.7994,-79.3664,PRCP,1946,2020,1984.4560198095946,2.32100119275976,37.21905002159477,47.2,57.8,67.50295851879216,100.1,87.39500000000007,56
USC00361737,40.0744,-75.3178,PRCP,1923,2020,3424.667287139353,4.005458815367664,50.11999999999999,59.58000000000001,92.45999999999998,122.17999999999992,238.8,197.97600000000006,73
USC00361833,41.7375,-77.1158,PRCP,1956,2020,1823.6241049474224,2.1328936899969855,44.53161531321958,47.798216291105824,58.894878432097045,74.92500000000001,123.2,103.75999999999988,46
USC00362183,40.1275,-79.4058,PRCP,1943,2020,1600.690286658189,1.8721523820563615,36.992128777061424,42.01843765279293,57.544767708588715,76.48831059749952,108.7,105.64699999999999,44
USC00362470,40.4681,-78.7289,PRCP,1964,2020,2195.9015590784265,2.5683059170507914,40.43988974350537,50.93952017365551,60.472280365513434,77.46060441030546,87.4,86.392,57
USC00362721,40.0136,-78.3653,PRCP,1897,2020,2380.210437357073,2.78387185655798,41.09278211855278,50.45630462414927,73.12000000000003,88.95220919420632,120.7,114.14500000000001,58
USC00363018,41.1183,-75.7278,PRCP,1963,2020,2434.641776770415,2.847534241836743,45.273015001785666,51.23667788937955,62.16347995500797,83.74999999999997,138.2,112.2220000000001,63
USC00363321,40.0961,-75.7514,PRCP,1959,2020,3503.952505345243,4.098190064731279,47.730552885468974,51.321722523635614,87.72999999999998,120.07999999999971,176.3,163.3640000000001,78
USC00363437,40.2306,-75.4353,PRCP,1960,2020,2872.5131595320763,3.359664514072604,46.11822680149034,52.17799289985622,75.595238491658,102.505,171.4,156.56500000000005,70
USC00364214,40.5972,-79.1186,PRCP,1946,2020,1643.0475322774741,1.9216930202075722,40.536162162819856,48.3962102349291,62.49162387620156,71.69987650128456,121.7,101.53999999999994,43
USC00364778,40.1192,-76.4264,PRCP,1952,2020,3080.558566848154,3.6029924758457943,44.168958778355574,50.66032512132353,61.30000000000001,82.4626686934798,196.6,138.3620000000004,75
USC00364896,40.3333,-76.4667,PRCP,1948,2020,2737.910655837285,3.202234685189807,42.691684013959716,51.50621835297548,74.46747229334989,102.82,224.8,164.83199999999994,65
USC00364934,40.8222,-75.6961,PRCP,1934,2020,2610.435841284303,3.053141334835442,46.23051468862958,50.7375235834928,58.67699782518187,69.75657745183409,124.7,112.72999999999996,64
USC00364992,40.5864,-77.5692,PRCP,1938,2020,2467.2367654960876,2.885657035667939,41.83230114310032,51.3639719711741,66.24174432333798,75.7,137.2,108.69999999999993,61
USC00365790,40.8847,-77.475,PRCP,1949,2020,2282.238410309619,2.669284690420607,50.49112202683362,59.46811709116926,67.85437140177372,85.55999999999999,122.9,108.54799999999992,53
USC00366194,40.1483,-74.953,PRCP,1915,2020,3479.253385454725,4.069302205210205,44.66452626409112,51.425142267296465,79.26482115950554,97.01086798515637,148.1,132.62899999999996,82
USC00366289,39.7342,-76.5039,PRCP,1924,2020,3647.0177986635285,4.265517893173717,46.5570662579241,54.42,82.27,96.395,213.4,160.6950000000001,84
USC00366927,40.1211,-75.4942,PRCP,1893,2020,2754.087164732075,3.221154578634006,48.83693891110951,56.66,80.78,87.81858115143646,203.2,156.54399999999998,65
USC00367029,41.7394,-75.4464,PRCP,1924,2020,2457.2075312943757,2.8739269371864045,43.30637943745005,52.62523711786655,62.59,89.02999999999997,120.7,112.435,58
USC00368073,40.0589,-77.5214,PRCP,1910,2020,2361.7617142656927,2.762294402649933,42.9228540880687,51.898661046614635,69.1,84.59842356014815,115.6,102.24100000000001,62
USC00368244,39.9969,-79.0833,PRCP,1949,2020,2281.897174002772,2.668885583628973,39.39490462782055,45.88587539140454,60.86353269434697,68.75614453592739,84.1,82.054,63
USC00368308,39.8583,-77.4775,PRCP,1940,2020,3359.5014200480023,3.929241426956728,43.22926787917302,53.63077455411122,72.2310915317436,110.72000000000007,160.5,159.12300000000002,82
USC00368379,39.8692,-76.8636,PRCP,1932,2020,3058.078631860738,3.576700154223085,45.369150787971336,53.86,66.50219736849476,84.29999999999998,132.1,117.8180000000001,75
USC00368449,40.7933,-77.8672,PRCP,1893,2020,2445.6165621228342,2.8603702480968822,45.38814355231957,54.68226241733555,67.8,77.94999999999993,128.3,107.82600000000006,59
USC00368469,41.4039,-78.0183,PRCP,1969,2020,1767.324888090034,2.067046652736882,49.411908296466805,53.31195383017153,64.0,81.3,129.5,121.38000000000002,41
USC00368596,41.0147,-75.2069,PRCP,1910,2020,3299.363054314336,3.8589041570927907,50.414662801328376,60.60356286738123,85.51004313586,117.44999999999999,167.1,154.70999999999995,71
USC00368692,41.9478,-75.6047,PRCP,1935,2020,2299.4273179373463,2.6893886759501124,42.071077797910476,46.2,57.06059337054444,83.525,149.6,127.65500000000011,56
USC00368905,41.7511,-76.4431,PRCP,1894,2020,2119.947725501393,2.4794710239782374,41.47434504757246,45.9460833756434,56.71967333267001,68.29999999999998,137.2,106.62399999999987,57
USC00374266,41.4903,-71.5431,PRCP,1893,2020,3367.0656476265235,3.938088476756168,40.29922271219198,47.16425564093463,60.61395718939066,69.35499999999996,110.5,107.74100000000001,90
USC00379423,41.9844,-71.4908,PRCP,1948,2020,3285.611893830922,3.8428209284572183,43.815584446370266,48.72421533053379,61.411978292532766,80.0722225231228,128.3,115.69999999999995,85
USC00380184,33.4408,-79.5672,PRCP,1962,2020,5354.540162165198,6.2626200727078345,39.419999999999995,47.079574915973424,83.05000000000004,98.90499999999999,157.5,134.6,144
USC00380204,34.2939,-82.5328,PRCP,1952,2020,3795.13030648306,4.438748896471415,44.230000000000004,49.900000000000006,63.907875705526536,82.50999999999995,115.6,112.44899999999998,104
USC00380448,33.3022,-81.0297,PRCP,1951,2020,5248.0455508707955,6.138064971778708,36.57766757695059,45.967616213578545,70.1,105.32000000000002,212.1,172.03200000000095,143
USC00380506,33.9,-81.5389,PRCP,1894,2020,4588.3957079425945,5.366544687652158,40.882370220950214,51.55713256653182,63.5,88.9,146.1,106.76400000000007,128
USC00381093,33.5214,-79.0975,PRCP,1957,2020,7401.233548936467,8.65641350752803,36.56131579040973,50.960000000000015,78.38,104.55,373.6,182.3180000000003,195
USC00381277,34.0906,-82.5883,PRCP,1899,2020,4250.348543994439,4.971167887712794,38.67275272636231,45.98146607162795,60.320000000000014,75.30999999999999,167.1,147.32199999999972,119
USC00381462,34.8572,-80.9133,PRCP,1906,2020,4798.659519304526,5.612467274040381,39.56214199644809,51.228736515162005,67.34,86.25999999999996,197.4,127.8599999999999,127
USC00381588,34.7028,-79.8822,PRCP,1893,2020,5528.962780381396,6.4666231349490015,38.450078451603545,47.05165196542971,81.43000000000006,101.16999999999996,273.1,204.14799999999929,144
USC00381633,34.6844,-81.1956,PRCP,1922,2020,4798.361285386502,5.612118462440352,39.84842759347312,44.800000000000004,70.7,92.225,181.1,144.488,130
USC00381944,33.9914,-81.0242,PRCP,1930,2020,4153.0642185498,4.857385050935439,35.01881614796014,39.586793501052455,55.4,90.45000000000002,118.9,110.86500000000001,136
USC00382260,34.3011,-79.8767,PRCP,1896,2020,5461.462716158601,6.387675691413569,37.338915762317555,47.18737106811291,57.305637868726684,73.82499999999996,166.4,151.2909999999999,160
USC00383216,35.0217,-81.0075,PRCP,1928,2020,4418.7353828273535,5.168111558862401,42.315624869061644,47.10000000000001,61.98935773754217,71.25999999999996,166.1,153.72999999999962,122
USC00383433,35.1383,-81.5969,PRCP,1912,2020,4053.422321010266,4.740844819895048,45.97,53.48000000000002,77.84999999999998,98.74499999999995,198.4,182.58900000000003,98
USC00383700,34.5589,-80.8911,PRCP,1940,2020,3660.2315480686566,4.280972570840534,39.496331845417664,45.0,64.8,94.5,161.3,141.2,101
USC00384607,33.7775,-81.8467,PRCP,1957,2020,4682.946527069476,5.477130441016931,41.13794608846226,51.3,70.18,80.24,136.1,103.56599999999997,130
USC00384886,33.8642,-79.7297,PRCP,1937,2020,4822.723512727949,5.6406122955882445,38.04,47.70000000000001,68.96000000000005,88.13999999999999,208.3,142.80399999999992,135
USC00385017,34.4989,-82.0219,PRCP,1901,2020,4262.614068463176,4.985513530366288,40.75081406893547,50.8,70.82000000000001,85.54999999999998,129.8,128.334,112
USC00385200,34.1994,-81.4144,PRCP,1893,2020,4197.511400992983,4.909370059640916,36.655734984411964,44.84056837966311,56.97000000000002,73.94499999999995,106.2,99.43999999999998,132
USC00385232,34.7794,-81.4564,PRCP,1926,2020,4249.947382542936,4.9706986930326735,39.59410311700063,47.671849545183605,62.989999999999995,97.84499999999997,129.5,113.66,118
USC00386293,35.0317,-81.4928,PRCP,1940,2020,3780.368505678773,4.421483632372834,38.191930511765214,49.429903957502425,65.18000000000002,99.73999999999998,181.9,181.108,100
USC00386527,33.4889,-80.8742,PRCP,1919,2020,5421.921596748152,6.341428768126494,34.832920344051146,42.36000000000001,76.55999999999997,106.74999999999994,177.0,156.12800000000018,155
USC00386775,33.7717,-81.2581,PRCP,1947,2020,4764.889250899783,5.572969884093314,34.90493783319869,44.5,68.07999999999998,88.5,180.3,125.57800000000006,143
USC00387631,33.9919,-81.7714,PRCP,1902,2020,4450.097837665144,5.204792792590811,37.37942270517593,49.04009362552965,65.37,77.13120418138817,150.6,98.08099999999993,130
USC00387722,34.635,-81.5206,PRCP,1893,2020,4364.246358031709,5.104381705300244,39.501574296247234,49.160000000000004,68.8,86.96999999999997,143.5,132.53200000000004,120
USC00388440,33.9364,-80.3569,PRCP,1901,2020,5205.174571825506,6.087923475819306,35.12126463861512,40.750128448524066,63.19000000000004,92.95500000000007,182.4,137.001,158
USC00388786,34.6053,-81.6631,PRCP,1949,2020,4057.29585775926,4.745375272233052,40.53767404043812,46.75910020284561,77.78999999999999,95.34499999999997,186.2,139.13099999999983,108
USC00388979,34.3347,-80.703,PRCP,1893,2020,3486.780443021912,4.0781057813121775,35.1,40.76043321908212,58.4,68.55,113.5,107.22000000000011,111
USC00389327,34.3706,-81.0825,PRCP,1896,2020,4715.202273232826,5.514856459921434,36.65860361530303,47.54000000000001,60.97000000000001,75.09999999999998,168.9,151.55699999999968,134
USC00389350,34.9389,-81.0331,PRCP,1899,2020,3886.318334546084,4.545401560872612,38.832220726349476,45.544244145494176,56.08234714666031,82.32499999999965,135.6,113.08,112
USC00389469,32.7019,-80.8517,PRCP,1899,2020,5626.853293605089,6.581114963280806,38.1,50.8,66.44,89.39999999999998,287.5,167.83199999999997,157
USC00410246,30.7578,-97.8614,PRCP,1968,2020,1279.1981499964609,1.4961381871303636,31.306666249506282,33.305485456664016,48.5,55.03999999999997,228.6,183.0139999999999,47
USC00410569,28.9797,-95.975,PRCP,1909,2020,3805.5922837538455,4.45098512719748,35.4720512095849,46.800000000000004,72.58000000000003,104.15999999999998,231.6,189.3599999999999,105
USC00410611,30.0969,-94.0997,PRCP,1901,2020,6665.372987500823,7.795757880117922,35.720151601479756,49.660000000000004,80.63999999999996,142.89999999999975,368.3,274.4259999999999,160
USC00410639,28.4575,-97.7061,PRCP,1894,2020,2600.208659146597,3.0411797183001132,31.645178818242197,34.9995833644545,78.51000000000003,106.59999999999997,236.2,224.9819999999999,80
USC00410832,30.095,-98.4142,PRCP,1896,2020,1298.712138727268,1.5189615657628865,31.2504709490496,32.8989570164616,47.160000000000004,78.42,114.3,99.8959999999999,53
USC00410902,29.7986,-98.7353,PRCP,1893,2020,1513.5288088256734,1.7702091331294425,29.168350212917495,32.95976440164117,58.18000000000002,104.85999999999996,186.2,172.48400000000004,55
USC00411045,31.1589,-96.6825,PRCP,1963,2020,1802.3813588961468,2.1080483729779496,34.940267576359616,43.7,55.12000000000002,69.52999999999997,184.7,132.43099999999998,58
USC00411048,30.1592,-96.3972,PRCP,1897,2020,2719.6232835243177,3.180845945642477,32.437086085191936,39.42,65.64,113.64999999999992,190.0,156.05300000000005,84
USC00411215,29.7383,-98.4522,PRCP,1940,2020,1266.0326602465327,1.4807399535047165,30.206024614688097,36.92241276317304,54.37000000000001,95.97000000000001,134.6,122.60300000000001,44
USC00411314,30.5328,-96.7022,PRCP,1936,2020,2156.704600491771,2.5224615210430072,37.98,50.8,78.88000000000004,104.98999999999994,125.7,122.80000000000001,59
USC00411429,29.8608,-98.1958,PRCP,1961,2020,1496.8055929374407,1.7506498163011002,30.96607316947285,35.67447739405678,48.160000000000025,73.4249999999997,166.6,142.37899999999996,54
USC00411500,32.1614,-94.3397,PRCP,1908,2020,2134.431977656091,2.496411669773206,31.32021450122868,38.68,48.340000000000025,71.36000000000006,104.1,99.31199999999997,77
USC00411578,31.8075,-94.1642,PRCP,1922,2019,3193.9887388541765,3.7356593436890955,33.24965646529757,38.6,59.7,77.2,210.1,166.1,101
USC00411596,31.2581,-95.9744,PRCP,1937,2020,2374.180397308961,2.7768191781391356,33.3088785024041,50.7,79.53999999999999,91.25,194.3,187.63400000000001,67
USC00411911,29.6989,-96.5731,PRCP,1903,2020,2894.071448280543,3.384878886877828,31.664800817880845,38.5503914042172,72.68000000000004,115.31999999999982,200.7,158.19600000000023,89
USC00411956,30.3303,-95.4831,PRCP,1897,2020,4191.024469613621,4.901783005396047,32.43907893751197,38.079040645393356,75.61999999999998,115.40999999999993,346.5,316.74800000000016,103
USC00412114,31.3072,-95.4508,PRCP,1904,2020,2324.77931938793,2.719040139635006,30.99365562425312,33.052457624418665,50.500000000000014,66.96,231.4,125.2279999999993,77
USC00412266,29.0567,-96.2319,PRCP,1896,2020,2882.7661604353466,3.3716563279945575,31.258775045172225,34.20902825639845,66.53000000000002,91.95499999999994,151.1,150.10999999999999,100
USC00412462,30.3558,-96.8289,PRCP,1941,2020,1980.4956850228796,2.316369222248982,32.32534142086423,37.80000000000001,60.02999999999999,69.84499999999997,206.5,160.01800000000003,62
USC00412820,30.3642,-97.37,PRCP,1962,2020,1416.71782838317,1.6569799162376257,31.362042690577233,35.535734957771254,42.68000000000001,58.71999999999997,136.9,122.64400000000002,55
USC00412906,27.9775,-99.3847,PRCP,1907,2020,1143.6516781398136,1.3376043019179107,30.267787347596972,50.91605750087744,88.9,125.72999999999998,147.1,144.80599999999998,32
USC00413065,28.9614,-98.1103,PRCP,1946,2020,1770.0090397111528,2.0701860113580737,38.88654708889281,53.3,70.5,79.3,179.1,163.6649999999999,46
USC00413112,30.2758,-97.0192,PRCP,1963,2020,1657.5704321275125,1.9386788679853948,35.10102088449648,41.7,71.6,96.925,221.0,169.6549999999997,46
USC00413156,29.9744,-98.2669,PRCP,1887,2020,1246.0482937041936,1.4573664253850218,31.34588834360204,34.54000000000001,67.52999999999997,86.07999999999998,137.2,120.10299999999984,42
USC00413183,29.6339,-97.0644,PRCP,1908,2020,1845.5505389809896,2.1585386420830286,30.69491443143275,34.67084590818011,51.940000000000005,59.679999999999964,197.4,176.7959999999998,69
USC00413340,28.9844,-95.3808,PRCP,1931,2020,5233.194073028897,6.12069482225602,32.996832470851075,50.120000000000005,91.77000000000001,133.42999999999998,424.7,194.6229999999999,134
USC00413508,28.3064,-98.1222,PRCP,1916,2020,2106.2127256877297,2.463406696710795,31.96375240995233,36.691303899676214,58.650000000000006,90.95999999999997,253.0,216.40000000000003,62
USC00413525,30.1872,-96.8594,PRCP,1940,2020,2134.8543526087387,2.496905675565776,31.560838441914186,38.21067904262267,72.99,113.66499999999986,224.3,205.39000000000004,62
USC00413622,29.4744,-97.4481,PRCP,1915,2020,1805.2198863368008,2.1113682881132174,31.37154946456769,34.91040198886214,51.34,57.5,185.4,125.03299999999984,68
USC00413873,29.4706,-96.9397,PRCP,1893,2020,2664.3680365102678,3.116219925743003,35.6945376045601,46.94,79.0000000000001,103.8,252.7,168.56799999999942,77
USC00414081,32.1808,-94.7964,PRCP,1908,2020,1951.303431320653,2.282226235462752,31.18582473375568,32.06240018227507,40.25999999999999,73.61999999999998,133.4,104.31200000000004,73
USC00414327,29.8733,-95.5275,PRCP,1947,2020,4344.494720928674,5.081280375355174,33.25256542217467,47.5,83.01000000000006,137.98999999999998,268.0,260.8829999999999,110
USC00414382,30.7064,-95.5422,PRCP,1903,2020,3717.190390445329,4.347591099936057,35.49821938759344,48.6,75.5,102.78999999999995,310.9,200.3200000000001,98
USC00414563,30.9153,-94.0097,PRCP,1878,2020,4250.484692520161,4.971327125754574,35.837723487560375,44.74,65.32,104.16499999999999,193.0,156.86200000000005,120
USC00415060,27.5683,-99.4983,PRCP,1946,2020,1415.83244240166,1.655944377077965,29.958310274081178,32.521405456638185,50.15,74.025,164.6,138.31000000000012,56
USC00415193,30.4064,-97.0133,PRCP,1948,2020,1686.9550009343757,1.973046784718568,31.635673315986296,38.70000000000001,50.8,80.065,201.9,135.22999999999962,60
USC00415196,30.0592,-94.795,PRCP,1903,2020,5498.490456267442,6.430982989786481,33.51860403403549,43.2,116.32000000000002,156.86499999999987,454.7,272.6979999999995,122
USC00415429,29.6756,-97.6578,PRCP,1901,2020,1873.5107714430858,2.1912406683544865,30.194478942025878,31.988118095983516,43.760000000000005,89.68499999999997,205.2,173.0399999999999,68
USC00415477,30.9392,-95.9203,PRCP,1918,2020,2597.951404688697,3.038539654606663,39.50999999999999,51.440000000000005,81.35,96.785,153.9,137.49900000000014,72
USC00415611,31.305,-96.8767,PRCP,1902,2020,1201.2867765289686,1.4050137737180919,31.978872094888946,37.31022305410709,52.72000000000003,61.824999999999996,92.5,78.87000000000003,48
USC00415661,28.0372,-97.8725,PRCP,1964,2020,2711.3033693019997,3.1711150518152045,30.498170248663182,37.63999999999999,53.12000000000003,89.73000000000008,293.4,209.89400000000006,87
USC00415721,26.565,-98.1236,PRCP,1941,2020,2588.1423038576963,3.0270670220557854,30.61112126025481,33.18377969886233,63.30000000000001,113.76,210.3,194.2639999999999,77
USC00416024,30.3908,-95.6969,PRCP,1954,2020,2721.406128484605,3.1829311444264383,32.16435372285455,38.9,53.75,86.0,243.8,233.00500000000008,86
USC00417140,28.6575,-96.5553,PRCP,1957,2020,3348.6336581278647,3.9165305943015962,33.98660894976009,50.24,66.82000000000002,103.81999999999996,235.2,181.82399999999956,97
USC00417215,29.0281,-98.5686,PRCP,1941,2020,1506.670774826025,1.762188040732193,33.480056569150015,40.6,73.76,84.615,111.5,100.87800000000003,48
USC00417594,29.5839,-95.7553,PRCP,1919,2020,3525.064653816559,4.122882636042759,33.0793326193341,39.25472673330139,63.5,135.15,280.2,178.08399999999958,99
USC00417622,26.3769,-98.8117,PRCP,1892,2020,1981.0753708879313,2.317047217412785,30.969625741527864,35.6,49.5,91.05,155.7,135.0499999999999,71
USC00417677,27.7894,-97.6619,PRCP,1922,2020,2625.5112509357796,3.0707733929073444,30.40963250807333,33.46659681090601,52.04,80.63999999999994,260.4,190.01999999999987,93
USC00417841,31.8092,-95.1428,PRCP,1942,2020,2307.3929835093613,2.698705243870598,31.409150002803415,36.27900028608673,53.06000000000006,72.49999999999991,254.0,143.07400000000075,75
USC00417873,29.3283,-99.4653,PRCP,1903,2020,1110.3165728981376,1.2986158747346639,34.171606384811234,40.4,65.8,102.42499999999998,154.9,137.39999999999995,36
USC00417983,29.8833,-97.9494,PRCP,1893,2020,1658.6202558053335,1.9399067319360626,31.19882738663401,38.243389004539964,59.29999999999998,96.81999999999996,137.2,137.03199999999998,57
USC00418126,29.6825,-96.8564,PRCP,1926,2020,2548.678592972726,2.98091063505582,32.122169841337566,37.52000000000001,58.16000000000005,103.56999999999991,224.8,196.09599999999995,79
USC00418446,30.3367,-96.5403,PRCP,1963,2020,2359.6453607325943,2.7598191353597596,31.570825831505815,43.56000000000001,66.37999999999998,101.35999999999993,150.4,147.448,73
USC00418519,29.2728,-96.6858,PRCP,1967,2020,2585.3996743928656,3.023859268295749,34.39123635956387,54.080000000000005,68.6,119.01999999999997,140.0,136.966,75
USC00418996,29.4822,-95.6314,PRCP,1942,2020,3735.5555902383403,4.369070865775837,36.06217407474101,45.7,76.05,120.12499999999999,285.2,226.58499999999984,96
USC00419101,30.7931,-94.1819,PRCP,1970,2020,4277.629387707338,5.003075307260044,32.911215034332,44.10000000000001,77.22000000000003,97.51999999999995,200.9,139.52799999999996,124
USC00419491,30.3236,-96.1594,PRCP,1915,2020,2402.9478580957566,2.810465331106148,32.08251129416696,35.6,69.9,96.15500000000003,202.2,161.44600000000037,72
USC00419559,28.1136,-97.4178,PRCP,1964,2020,2884.68409732329,3.3738995290330878,38.71616428226347,48.07999999999999,77.99000000000002,84.96000000000001,248.2,189.15099999999984,82
USC00419588,26.1781,-97.9708,PRCP,1914,2020,2358.693143128484,2.75870543055963,31.87781709879782,41.3,61.9,88.00500000000011,200.2,187.91700000000012,72
USC00431433,43.7064,-72.9617,PRCP,1904,2020,2121.306623256572,2.481060378077862,43.02614200646234,45.423878794364725,55.21702586816437,61.20451678269801,126.0,111.59599999999992,53
USC00433341,44.4111,-71.7186,PRCP,1930,2020,1698.6248260801788,1.986695703017753,41.85214398609122,43.293584347667206,49.536766742312906,62.80721022474078,64.0,63.87782094183647,44
USC00435416,44.5247,-72.8153,PRCP,1954,2020,2360.0290021713613,2.760267838796914,48.201936806131215,52.60110060665106,84.83000000000004,101.58495582913312,252.0,187.28100000000015,48
USC00435542,44.9489,-72.1911,PRCP,1930,2020,1717.5376227303195,2.0088159330179174,44.72371886318037,48.070417672763554,72.23934862951852,74.2,104.1,98.14000000000001,41
USC00436335,43.2628,-72.9056,PRCP,1940,2020,2116.191188476934,2.4750774134233144,47.5,54.27622323707041,64.45226941322545,68.72,120.9,101.74799999999985,49
USC00436893,43.8578,-72.8045,PRCP,1928,2020,1679.0141290174786,1.963759215225121,44.42979874805361,48.458848657944515,55.93934908449337,58.203573824357946,151.4,114.28506722568105,41
USC00436995,43.6253,-72.9781,PRCP,1916,2020,1922.2484769599655,2.2482438327017142,43.91182352593145,47.682552911949045,63.02717149820771,71.14155164860432,95.8,88.51500000000001,48
USC00437054,44.42,-72.0194,PRCP,1894,2020,1700.9751193118047,1.989444583990415,42.26820530233604,45.39501026144549,50.86823134413364,60.884336276042305,115.1,109.97599999999997,43
USC00437607,44.6264,-73.3031,PRCP,1969,2020,1487.9177712727183,1.7402547032429454,42.36222723244856,53.1,64.1,73.88039627915119,102.1,96.6117426369127,36
USC00440243,37.3261,-78.8275,PRCP,1937,2020,4076.200226358806,4.7674856448641005,41.9,49.17761171430967,56.549792078520795,83.50999999999992,174.0,129.3819999999999,110
USC00440327,37.75,-77.4833,PRCP,1893,2020,4545.183402948577,5.3160039800568155,40.06927613428976,48.26584590558565,73.92999999999999,104.145,133.1,127.48276809408895,118
USC00441136,37.5083,-78.5333,PRCP,1894,2020,4619.320530793164,5.402714071103116,39.29961088180933,47.06724776552551,63.39999999999999,72.11499999999998,186.2,128.18500000000006,128
USC00441159,37.7267,-79.3628,PRCP,1937,2020,3279.501021908511,3.835673709834516,39.20376969596226,49.76395833142703,64.8,72.78935615125934,101.6,93.04600000000003,92
USC00441593,38.0328,-78.5225,PRCP,1893,2020,4446.933605119949,5.201091935812806,41.02575673945944,49.7,64.64969474298037,76.33999999999983,190.2,138.29200000000006,117
USC00441606,36.7775,-78.4756,PRCP,1947,2020,4769.408281832073,5.578255300388389,41.387781666345084,49.471225430984106,63.158488182899845,91.03999999999999,177.8,116.27600000000004,125
USC00441614,36.8225,-79.4103,PRCP,1922,2020,4046.8930950108247,4.733208298258274,41.405029354171994,48.1,57.395482828571154,71.375,114.8,93.10899999999997,110
USC00441746,36.6214,-78.5506,PRCP,1891,2020,4651.634969601715,5.440508736376275,40.78745598729104,49.42865875147148,76.2,91.4,132.1,120.86,121
USC00441955,37.2819,-78.9592,PRCP,1950,2020,4152.469757055033,4.856689774333373,43.42779790275173,47.701497146044034,56.236044406319344,77.18499999999997,146.1,99.066,112
USC00442009,38.2022,-77.3747,PRCP,1959,2020,4157.12906056754,4.862139252125778,41.15226278002572,48.900000000000006,76.88000000000005,110.14,189.2,146.76399999999992,105
USC00442044,37.8111,-79.9883,PRCP,1960,2020,2827.062196561337,3.3065054930541953,39.82463354828592,44.82317433082662,49.587848205140844,61.54983818287852,86.9,82.51400000000001,87
USC00442208,38.4547,-78.9353,PRCP,1893,2020,3360.219225726602,3.9300809657621074,40.11757235818162,44.239939957323074,51.434298221703,66.0207728363794,151.1,110.87800000000016,92
USC00442790,36.6983,-77.5597,PRCP,1893,2020,5430.3728860824285,6.351313317055472,36.36131198380847,46.800000000000004,62.17999999999999,97.42999999999995,188.0,149.9860000000001,155
USC00442941,37.3264,-78.3864,PRCP,1897,2020,4807.182959773574,5.62243621026149,39.309296977241495,46.2634879037393,70.46000000000006,85.74,168.1,139.16000000000008,125
USC00443375,37.6183,-79.4358,PRCP,1967,2020,4144.128717777797,4.8469341728395285,49.90999999999998,61.270387053121325,72.74641044738647,85.74499999999996,121.4,113.77199999999988,102
USC00444101,37.2992,-77.2775,PRCP,1916,2020,5123.567322975851,5.992476401141347,39.56807633586981,49.53226343470858,70.75,94.625,193.3,150.4250000000003,136
USC00444148,37.1258,-79.525,PRCP,1950,2020,3585.947301387287,4.194090410979284,41.82497913257764,45.400000000000006,56.41835609192165,73.41999999999994,102.9,83.41199999999982,97
USC00444414,36.6003,-78.3011,PRCP,1948,2020,4423.898165365352,5.1741499010121075,38.92876758205237,47.239213229220724,64.75706003830146,85.82500000000002,122.2,114.19999999999999,126
USC00444876,37.7767,-79.4386,PRCP,1889,2020,3350.83963095811,3.9191106794831696,38.403974341099214,44.54361411090071,59.33598554804089,72.95999999999992,100.6,99.63999999999999,97
USC00444909,39.1422,-77.7094,PRCP,1900,2020,3146.440162821299,3.680046974059999,43.75185437380301,54.652428714757775,76.99,96.43000000000002,209.8,145.04800000000057,72
USC00445050,38.0422,-78.0061,PRCP,1916,2020,4326.319151502912,5.06002239941861,39.32237042091533,46.54,58.4,87.17079565910716,149.4,136.23999999999998,115
USC00445096,38.6661,-78.3728,PRCP,1941,2020,4095.1339066594983,4.7896303001865475,42.64715198444831,53.18539294730432,74.2,109.11499999999995,239.3,166.3560000000001,98
USC00446475,37.5844,-75.8217,PRCP,1955,2020,5354.002146312677,6.261990814400791,38.11955720659621,45.400000000000006,77.06829404259244,98.36999999999995,245.6,152.66600000000003,142
USC00446491,37.8142,-78.2644,PRCP,1957,2020,4409.0761744562615,5.156814239130131,41.625696962624986,48.798996146756245,57.54041463654011,75.31999999999991,193.0,149.1840000000002,117
USC00446712,38.2322,-78.1203,PRCP,1946,2020,3959.6306018124174,4.6311469027045815,46.062353940828785,51.2,67.42,88.15999999999994,199.4,121.35199999999934,97
USC00447338,36.9769,-79.8961,PRCP,1894,2020,3618.225441238486,4.2318426213315625,41.05505063749506,48.967115390784265,61.280124250611664,74.93,93.5,90.756,99
USC00448062,38.1692,-79.0844,PRCP,1893,2020,3689.2139812461737,4.314870153504296,42.965404084731425,49.972909901852844,59.43,68.0356003184069,139.7,137.225,100
USC00448192,36.7297,-76.6014,PRCP,1945,2020,6016.847523750635,7.037248565790217,38.75920012757019,47.94662027789005,70.69999999999999,111.11499999999991,278.9,187.7779999999994,150
USC00448737,38.8922,-77.2892,PRCP,1925,2020,3537.7679367006244,4.137740276842836,41.08445477603634,48.51334411521508,62.217115265415366,74.51999999999998,169.4,89.21800000000019,95
USC00448829,37.7433,-77.04,PRCP,1932,2020,4264.6853946979,4.9879361341495905,37.581559580559656,43.63531445498458,62.600000000000016,86.85000000000001,196.9,163.7964157815895,115
USC00448837,36.5953,-76.4389,PRCP,1926,2020,5772.467507382986,6.7514239852432585,35.6,39.39471320490735,54.0600000000001,91.84,185.4,155.592,173
USC00448894,37.9881,-76.7769,PRCP,1893,2020,4564.283224369152,5.33834295247854,38.194008731343175,47.8,75.2,120.62499999999999,214.6,173.13999999999987,116
USC00449025,37.5658,-76.8,PRCP,1954,2020,4991.809623404539,5.83837382854332,37.82883120392205,44.6467525707448,68.8,90.07423948275925,273.1,172.0099999999998,131
USC00449151,37.3017,-76.7039,PRCP,1948,2020,5846.797442614743,6.838359582005547,38.95708794267868,44.74733206793408,70.53000000000004,89.745,362.7,246.584,148
USC00449186,39.1833,-78.1167,PRCP,1912,2020,3439.947524889027,4.023330438466698,43.55381221483414,49.963078405760456,75.0007890442018,87.71391503042678,123.7,112.32900000000002,84
USC00449263,38.8969,-78.4678,PRCP,1889,2020,3156.8063672940293,3.692171189817578,42.17754855781422,49.37229981161086,65.14477965572836,100.625,133.1,132.5,76
USC00461215,38.1872,-80.1336,PRCP,1952,2020,2322.237359364026,2.716067086975469,37.445880073668086,39.31816824766544,49.579999999999984,55.530851153754455,64.60490529554997,63.99029546495747,73
USC00467730,39.3389,-78.7711,PRCP,1870,2020,2746.7911245628743,3.2126211983191513,38.650135080315344,50.48265431522188,58.3367809719239,73.51112035085416,152.4,106.68000000000006,73
USC00469522,37.7883,-80.3083,PRCP,1888,2020,2751.9113637055207,3.21860978211172,38.1,40.893974917227354,45.47638800141357,60.295819205246815,81.8,74.75299999999997,88
USW00003813,32.6847,-83.6528,PRCP,1948,2020,4168.814947909936,4.875806956619808,34.42545936192279,39.26125394458442,56.43502914921227,80.98999999999992,260.4,131.982,123
USW00003820,33.3644,-81.9633,PRCP,1942,2020,4447.513023828624,5.20176961851301,36.894110837507625,45.2,60.6,86.6,185.4,130.79999999999998,126
USW00003822,32.13,-81.21,PRCP,1948,2020,5602.764967555855,6.552941482521468,33.65716953704378,41.879999999999995,60.90000000000002,105.1000000000001,227.1,174.89399999999998,163
USW00003904,30.5892,-96.3647,PRCP,1951,2020,2689.3343759104696,3.1454203227023037,32.64899909737408,44.58000000000002,66.27999999999999,89.73999999999995,189.2,135.24399999999952,83
USW00003937,30.125,-93.2158,PRCP,1961,2020,5512.094569318566,6.44689423312113,35.702272984365585,47.7,80.86000000000003,118.27999999999989,242.1,175.17600000000002,149
USW00003940,32.3206,-90.0778,PRCP,1963,2020,3601.4688486409555,4.212244267416322,33.78055977131762,41.7,55.099999999999994,89.35,145.0,127.98999999999992,116
USW00004725,42.1997,-75.985,PRCP,1951,2020,1740.5596924381705,2.0357423303370417,39.27369773505624,48.988038378867664,64.5736181775774,77.71779954305796,88.9,88.30199999999999,47
USW00004781,40.7939,-73.1017,PRCP,1963,2020,3105.778770045983,3.6324897895274657,38.30839053056394,44.68901969513126,57.34682580923608,72.1,150.1,139.38000000000002,81
USW00012834,29.1828,-81.0483,PRCP,1937,2020,6580.927230351594,7.6969909126919225,31.8,35.81139109306881,53.95730436422508,69.33999999999999,229.1,111.96999999999998,235
USW00012839,25.7906,-80.3164,PRCP,1948,2020,6561.64718022936,7.674441146467088,31.832080950291655,35.43160495301134,57.86000000000003,71.29999999999998,173.0,122.7020000000002,227
USW00012842,27.9619,-82.5403,PRCP,1939,2020,5813.911946747979,6.799897013740326,31.599153437866597,36.32178549897133,56.540000000000006,73.36499999999995,180.6,106.86800000000004,214
USW00012844,26.6847,-80.0994,PRCP,1938,2020,7531.86304763969,8.809196546947007,32.95190189329294,41.1,68.1,97.3,223.3,173.90999999999977,231
USW00012912,28.8614,-96.9303,PRCP,1953,2020,2667.4760687896983,3.1198550512160215,32.74972197358965,52.76000000000004,71.7,91.90499999999997,192.5,132.90600000000012,84
USW00012916,29.9933,-90.2511,PRCP,1948,2020,6455.762051690688,7.5505988908663015,33.5875904451578,41.39916343893438,66.8,103.075,199.6,163.6300000000002,186
USW00012917,29.9506,-94.0206,PRCP,1947,2020,7409.467209915047,8.666043520368476,39.15999999999999,63.24000000000003,91.92000000000002,128.73499999999993,661.2,256.02399999999903,162
USW00012918,29.6381,-95.2819,PRCP,1930,2020,5997.881231177704,7.015065767459302,36.281878516097116,52.70000000000001,121.24,184.7,306.6,266.26800000000026,133
USW00012919,25.9156,-97.4186,PRCP,1898,2020,3517.5079752794827,4.114044415531558,32.762120017931764,41.7,69.75,117.725,230.9,168.65500000000003,106
USW00012921,29.5442,-98.4839,PRCP,1946,2020,1466.5068439857123,1.715212683024225,35.943765273336716,43.90000000000001,66.81,73.715,145.5,120.11799999999991,50
USW00012924,27.7839,-97.5108,PRCP,1948,2020,3298.5802647599803,3.857988613754363,30.94605456174815,48.0,71.4,95.0,176.0,162.1,101
USW00012930,29.9167,-90.1303,PRCP,1893,2020,6485.8523028847085,7.585792167116618,34.49999999999999,42.4,69.6,89.4,235.2,201.61999999999998,181
USW00012935,28.7247,-96.2536,PRCP,1943,2020,3367.5466935326463,3.9386511035469547,34.66912479023725,48.220000000000006,69.91999999999996,107.35999999999977,219.2,159.54500000000007,98
USW00012960,29.98,-95.36,PRCP,1969,2020,4952.215741923552,5.792065195232224,33.94868938944044,50.5,72.10000000000001,133.41999999999993,408.2,251.09999999999982,124
USW00013701,39.4717,-76.1697,PRCP,1919,2020,2278.3495241088567,2.6647362855074346,38.95791174432341,45.6904503756376,58.92,98.75999999999985,256.8,198.33599999999979,57
USW00013722,35.8922,-78.7819,PRCP,1944,2020,5050.094148296932,5.906542863505184,38.100811624778956,46.0,64.5,106.2,163.8,140.13999999999996,141
USW00013723,36.0969,-79.9433,PRCP,1928,2020,4063.443418369392,4.752565401601628,38.31034421746924,47.194442541876874,66.43666467881587,82.79999999999998,125.5,119.70399999999998,113
USW00013729,38.8853,-79.8528,PRCP,1926,2020,2254.0055030235903,2.6362637462264216,36.872119395408575,39.1061758279796,48.42119137859855,52.28162912228749,59.4,56.63443908799643,74
USW00013733,37.3208,-79.2067,PRCP,1944,2020,3226.076644377316,3.773189057751247,38.554909971631865,43.14490063005226,56.65120981062047,71.5549999999999,153.7,152.95600000000002,94
USW00013734,39.4019,-77.9844,PRCP,1926,2020,2704.8389609821807,3.1635543403300357,39.11391974638325,47.466735062431795,58.55629779760727,80.2,93.65264879394398,88.90063571054652,77
USW00013735,39.3667,-75.0667,PRCP,1947,2020,2943.961559550555,3.443229894211176,42.74488215149227,47.0,57.118271018119216,70.95332632170383,128.8,128.575,76
USW00013737,36.9033,-76.1922,PRCP,1946,2020,5873.717801435798,6.869845381796255,37.471200030277544,47.221597183939956,78.41,99.8,226.8,195.22199999999987,150
USW00013739,39.8683,-75.2311,PRCP,1948,2020,3089.4215292746576,3.613358513771529,40.12521470100486,46.800000000000004,62.47163529505287,81.4014043630614,168.4,125.10399999999962,83
USW00013740,37.505,-77.3203,PRCP,1939,2020,4665.306042559665,5.456498295391421,39.250323504731035,47.3904618982851,73.14000000000001,96.89999999999984,169.7,140.804,117
USW00013741,37.3169,-79.9742,PRCP,1948,2020,2788.7551648360195,3.261701947176631,39.06503092884036,47.81560388963203,58.820000000000014,78.57999999999991,111.8,106.903,84
USW00013743,38.8483,-77.0342,PRCP,1945,2020,3244.259431868385,3.794455475869456,41.09586330594767,46.75533725787297,82.54946628654851,93.64,155.2,128.10299999999978,80
USW00013744,34.1853,-79.7239,PRCP,1948,2020,5536.992007868453,6.476014044290588,37.13612785650238,45.24877463834477,67.1,81.19000000000003,298.2,111.06100000000015,168
USW00013748,34.2675,-77.8997,PRCP,1948,2020,8927.385878505422,10.441386992404002,36.926532998334714,51.120000000000005,99.47000000000011,127.49499999999993,339.9,239.56300000000013,214
USW00013781,39.6728,-75.6008,PRCP,1948,2020,3309.3549872518356,3.8705906283647202,40.07143006829546,49.070826565495764,69.38000000000001,105.81999999999998,210.6,159.0129999999996,80
USW00013782,32.78,-79.9319,PRCP,1893,2020,5952.532833548567,6.962026705904758,37.26598320544889,45.00715398677683,88.9,108.39500000000001,153.9,141.9160000000002,168
USW00013865,32.3347,-88.7442,PRCP,1944,2020,3695.2309810077595,4.321907580126035,32.82541687728246,37.042206289463294,60.300000000000004,71.67999999999999,114.3,109.71199999999999,129
USW00013870,31.5358,-82.5067,PRCP,1938,2020,4550.6120075283125,5.322353225179313,32.18930880382742,35.76809011824783,51.31000000000001,75.36500000000002,145.3,108.82300000000004,158
USW00013880,32.8986,-80.0403,PRCP,1937,2020,6407.412358135023,7.49404954167839,35.88751555937077,46.66550858527957,79.07999999999998,99.99999999999999,153.9,141.05599999999998,185
USW00013881,35.2236,-80.9553,PRCP,1939,2020,4232.410086845823,4.950187236076985,41.18699019021962,45.947824132121056,61.34,77.14352557289347,174.8,116.54600000000002,114
USW00013883,33.9486,-81.1186,PRCP,1948,2020,4241.532500668919,4.9608567259285605,35.77457055154676,48.14000000000001,68.53829340228144,86.73999999999998,131.3,118.10599999999997,127
USW00013889,30.4844,-81.7019,PRCP,1938,2020,6940.018909432165,8.116981180622416,33.13596024389645,40.28000000000001,66.95,99.0899999999998,186.9,162.383,208
USW00013894,30.6794,-88.2397,PRCP,1948,2020,7086.553147820412,8.288366254760716,41.509999999999984,56.98000000000002,87.37000000000003,125.48999999999998,255.8,211.72599999999994,172
USW00013895,32.2997,-86.4075,PRCP,1948,2020,3449.6086398582925,4.034629988138354,33.8,39.95396566481104,61.5,88.15,128.8,113.75,111
USW00013899,30.4781,-87.1869,PRCP,1948,2020,7116.408658205543,8.32328498035736,42.71999999999999,55.69999999999999,88.18000000000006,127.60000000000001,301.0,240.70400000000004,173
USW00013958,30.3208,-97.7603,PRCP,1938,2020,1648.5955304296917,1.9281819069353119,30.85385774971887,32.115603557948575,59.7,68.38499999999995,178.8,149.41799999999984,60
USW00013970,30.5372,-91.1469,PRCP,1930,2020,5900.9986845366,6.901752847411228,34.08617262709478,41.7,70.4,116.85,237.5,173.21000000000046,171
USW00013976,30.205,-91.9875,PRCP,1893,2020,5426.057473254015,6.346266050589492,34.3,43.920000000000016,77.48000000000015,107.22,163.1,131.85999999999964,159
USW00014605,44.3206,-69.7972,PRCP,1948,2020,1958.5462863596188,2.2906974109469225,43.57811592117804,47.52976265019609,56.64782125030643,59.24850118454544,114.3,97.10099999999993,50
USW00014606,44.7978,-68.8186,PRCP,1953,2020,2207.025798683449,2.581316723606373,42.672244649594575,48.80242900000574,56.011130540604526,61.803682074131956,84.1,72.97600000000003,55
USW00014607,46.8706,-68.0172,PRCP,1939,2020,1604.3140698580007,1.8763907249801177,40.588278549357135,43.357311911200526,48.925525236240496,51.471296906311636,66.0,63.293999999999976,42
USW00014732,40.7794,-73.8803,PRCP,1940,2020,2976.7375327419436,3.481564365780051,44.013436001953835,48.82190598231543,69.55,81.08526766600102,117.6,113.26900000000003,72
USW00014734,40.6825,-74.1694,PRCP,1893,2020,3014.8562274052792,3.5261476343921396,41.415658446229266,49.69090419805653,76.64691020657199,81.08339257085464,158.0,139.71200000000005,73
USW00014735,42.7431,-73.8092,PRCP,1938,2020,1753.6290284501936,2.051028103450519,39.37824642821393,48.394998443563175,59.18512009358056,88.855,119.1,110.715,44
USW00014736,40.2964,-78.3203,PRCP,1949,2020,2172.2785465404295,2.540676662620385,40.47686269891571,49.03273223469614,59.8,75.96985902390435,141.0,124.77500000000009,56
USW00014737,40.6508,-75.4492,PRCP,1948,2020,2920.5530847007635,3.4158515610535245,43.79075840334539,50.64781944367318,77.75886759091426,102.6499999999999,161.8,152.69200000000004,70
USW00014739,42.3606,-71.0106,PRCP,1936,2020,2504.4390058116423,2.929168427849874,42.3727665363966,47.56000719526229,56.49000000000001,60.30409092663239,85.3,84.965,68
USW00014740,41.9381,-72.6825,PRCP,1949,2020,2536.9213326066783,2.9671594533411443,43.213527713822366,52.3,67.14106854251983,97.5,145.3,138.27999999999997,61
USW00014742,44.4683,-73.15,PRCP,1940,2020,1499.1017134076178,1.7533353373188512,45.96646519979481,54.4,62.0,75.3963506883039,85.9,84.80903691379913,36
USW00014745,43.1953,-71.5011,PRCP,1939,2020,1921.5940012426015,2.2474783640264344,42.10893810256353,46.57445486550006,57.392405328072066,63.552459140967926,97.5,83.14799999999988,49
USW00014750,43.35,-73.6167,PRCP,1944,2020,1611.3295375122434,1.8845959503067173,43.09702997199974,47.12860691837686,63.71000000000001,72.46499999999995,93.2,93.005,40
USW00014752,41.7361,-72.6506,PRCP,1920,2020,2559.919011373959,2.9940573232443968,42.35907285234509,47.986035930433715,67.5,78.91499999999996,120.4,113.84799999999998,64
USW00014755,44.2667,-71.2994,PRCP,1948,2020,2929.6450012008304,3.426485381521439,45.0,57.036841774126344,86.82016259740013,108.7,169.2,168.72,61
USW00014764,43.6497,-70.3003,PRCP,1940,2020,2265.015841267623,2.649141334815933,43.40268755501286,48.51925761868054,59.5503056035148,70.2216282298157,196.9,132.50499999999988,54
USW00014765,41.7219,-71.4325,PRCP,1948,2020,2926.6204192629184,3.422947858787039,41.14530249625123,46.957052192986765,58.601006735013264,69.46499999999992,160.3,106.70800000000028,78
USW00014777,41.3336,-75.7269,PRCP,1949,2020,2169.9547226518926,2.537958739943734,43.45791241121403,50.39286319561933,70.45512588022932,85.53644215280862,151.9,137.75599999999991,53
USW00014778,41.2433,-76.9217,PRCP,1948,2020,2265.6312669663375,2.649861130954781,43.52885846481318,48.53543083696986,60.050433552620774,101.71999999999997,220.0,187.49200000000008,55
USW00093720,38.3406,-75.5103,PRCP,1948,2020,4312.321331731295,5.043650680387479,40.371081495216856,49.5,59.95,107.85000000000001,172.7,163.70499999999987,116
USW00093721,39.1667,-76.6833,PRCP,1939,2020,3402.4541718072524,3.979478563517254,46.41067838763709,55.70828583980277,83.08954490920533,106.46499999999997,140.0,130.12499999999991,80
USW00093730,39.4494,-74.5672,PRCP,1958,2020,3364.5754055490884,3.9351759129229102,39.39511762043922,45.066539203044016,60.467110079761326,65.35999999999999,121.7,112.11200000000002,95
USW00093738,38.9408,-77.4636,PRCP,1960,2020,3236.2459281826777,3.7850829569388043,40.54371655167272,46.357165366184084,54.715757940833505,91.70076946241284,271.0,156.6279999999997,82
USW00093739,37.9406,-75.4631,PRCP,1966,2020,4275.469890574968,5.000549579619846,36.30947281769788,40.183733795237366,72.08000000000003,92.54999999999998,167.1,149.36200000000008,120
USW00093805,30.3975,-84.3289,PRCP,1940,2020,7076.504136383624,8.276613025010088,34.316964773832666,47.14517356876205,84.05000000000001,128.16499999999988,207.5,198.223,182
USW00093842,32.5161,-84.9422,PRCP,1948,2020,3557.7758846752204,4.161141385585053,34.915964340505106,41.12150830538115,62.48000000000004,86.15499999999997,138.2,105.355,110
USW00093914,31.7831,-95.6039,PRCP,1930,2020,1960.4561967317072,2.292931224247611,30.795337683377305,34.06642097883821,60.6,83.83999999999993,127.0,121.98400000000002,67
USW00093919,31.1828,-90.4708,PRCP,1948,2020,5031.078339035175,5.884302150918334,32.33913723445565,38.40101233675105,68.2,92.82500000000002,178.8,170.70999999999998,156
USW00093987,31.2361,-94.7544,PRCP,1906,2020,3435.7599320578342,4.018432669073491,33.3,45.70000000000003,65.8,85.35999999999999,134.6,129.2959999999999,107
USW00094702,41.1583,-73.1289,PRCP,1948,2020,2775.402482784652,3.2460847751867274,39.445047033570035,46.279823272929676,61.120000000000005,66.55,118.4,87.17200000000022,75
USW00094728,40.7789,-73.9692,PRCP,1869,2020,3233.237706724485,3.781564569268404,46.977660046463406,57.99007980261358,78.69081313224595,96.93999999999997,127.5,113.60400000000003,73
USW00094745,41.0669,-73.7075,PRCP,1946,2020,3150.7582428472997,3.6850973600553214,44.537867825935656,51.82116664091247,68.47999999999999,97.00999999999999,131.6,122.72000000000006,75
USW00094746,42.2706,-71.8731,PRCP,1948,2020,2539.869734460686,2.9706078765622057,40.1720503128704,46.59229458113649,56.82145391567446,65.09653286090078,127.0,107.0680000000001,67
USW00094789,40.6386,-73.7622,PRCP,1948,2020,3278.297634081893,3.8342662386922726,42.19853990241509,48.57137132034366,63.72,80.23109365158778,118.4,106.65499999999997,82
